descDoenca,area_damaged,canker_lesion,crop_hist,date,external_decay,fruit_spots,fruiting_bodies,fruit_pods,germination,hail,int_discolor,leaf_malf,leaf_mild,leaf_shread,leafspots_halo,leafspot_size,leafspots_marg,leaves,lodging,mold_growth,mycelium,plant_growth,plant_stand,precip,roots,sclerotia,seed,seed_discolor,seed_size,seed_tmt,severity,shriveling,stem,stem_cankers,temp
diaporthe-stem-canker,low-areas,Brown,same-1st-yr,Outubro,firm-and-dry,dna,Present,Norm,90-100%,Yes,None,Absent,Absent,absent,absent,dna,dna,Abnorm,No,Absent,Absent,Abnorm,Normal,gt-normal,Norm,Absent,Norm,Absent,Norm,none,pot-severe,Absent,Abnorm,Above-sec-nde,norm
diaporthe-stem-canker,scattered,Brown,same-lst-two-yrs,Agosto,firm-and-dry,dna,Present,Norm,80-89%,Yes,None,Absent,Absent,absent,absent,dna,dna,Abnorm,Yes,Absent,Absent,Abnorm,Normal,gt-normal,Norm,Absent,Norm,Absent,Norm,fungicida,severe,Absent,Abnorm,Above-sec-nde,norm
diaporthe-stem-canker,scattered,dna,same-1st-yr,Julho,firm-and-dry,dna,Present,Norm,lt-80%,Yes,None,Absent,Absent,absent,absent,dna,dna,Abnorm,Yes,Absent,Absent,Abnorm,Normal,gt-normal,Norm,Absent,Norm,Absent,Norm,fungicida,severe,Absent,Abnorm,Above-sec-nde,norm
diaporthe-stem-canker,scattered,dna,same-1st-yr,Julho,firm-and-dry,dna,Present,Norm,80-89%,Yes,None,Absent,Absent,absent,absent,dna,dna,Abnorm,Yes,Absent,Absent,Abnorm,Normal,gt-normal,Norm,Absent,Norm,Absent,Norm,none,severe,Absent,Abnorm,Above-sec-nde,norm
diaporthe-stem-canker,scattered,Brown,same-lst-two-yrs,Outubro,firm-and-dry,dna,Present,Norm,lt-80%,Yes,None,Absent,Absent,absent,absent,dna,dna,Abnorm,Yes,Absent,Absent,Abnorm,Normal,gt-normal,Norm,Absent,Norm,Absent,Norm,none,pot-severe,Absent,Abnorm,Above-sec-nde,norm
diaporthe-stem-canker,scattered,dna,same-lst-sev-yrs,Setembro,firm-and-dry,dna,Present,Norm,80-89%,Yes,None,Absent,Absent,absent,absent,dna,dna,Abnorm,Yes,Absent,Absent,Abnorm,Normal,gt-normal,Norm,Absent,Norm,Absent,Norm,none,pot-severe,Absent,Abnorm,Above-sec-nde,norm
diaporthe-stem-canker,scattered,Brown,same-lst-two-yrs,Setembro,firm-and-dry,dna,Present,Norm,90-100%,Yes,None,Absent,Absent,absent,absent,dna,dna,Abnorm,No,Absent,Absent,Abnorm,Normal,gt-normal,Norm,Absent,Norm,Absent,Norm,fungicida,pot-severe,Absent,Abnorm,Above-sec-nde,norm
diaporthe-stem-canker,scattered,Brown,same-1st-yr,Agosto,firm-and-dry,dna,Present,Norm,lt-80%,No,None,Absent,Absent,absent,absent,dna,dna,Abnorm,Yes,Absent,Absent,Abnorm,Normal,gt-normal,Norm,Absent,Norm,Absent,Norm,none,pot-severe,Absent,Abnorm,Above-sec-nde,norm
diaporthe-stem-canker,scattered,Brown,same-lst-sev-yrs,Outubro,firm-and-dry,dna,Present,Norm,80-89%,Yes,None,Absent,Absent,absent,absent,dna,dna,Abnorm,Yes,Absent,Absent,Abnorm,Normal,gt-normal,Norm,Absent,Norm,Absent,Norm,fungicida,pot-severe,Absent,Abnorm,Above-sec-nde,norm
diaporthe-stem-canker,scattered,Brown,same-lst-two-yrs,Agosto,firm-and-dry,dna,Present,Norm,lt-80%,Yes,None,Absent,Absent,absent,absent,dna,dna,Abnorm,Yes,Absent,Absent,Abnorm,Normal,gt-normal,Norm,Absent,Norm,Absent,Norm,none,severe,Absent,Abnorm,Above-sec-nde,norm
charcoal-rot,whole-field,tan,same-1st-yr,Outubro,Absent,dna,Absent,Norm,90-100%,Yes,Black,Absent,Absent,absent,absent,dna,dna,Abnorm,Yes,Absent,Absent,Abnorm,Normal,lt-normal,Norm,Present,Norm,Absent,Norm,fungicida,pot-severe,Absent,Abnorm,Absent,gt-norm
charcoal-rot,whole-field,tan,same-1st-yr,Agosto,Absent,dna,Absent,Norm,80-89%,No,Black,Absent,Absent,absent,absent,dna,dna,Abnorm,No,Absent,Absent,Abnorm,Normal,lt-normal,Norm,Present,Norm,Absent,Norm,fungicida,pot-severe,Absent,Abnorm,Absent,norm
charcoal-rot,upper-areas,tan,same-1st-yr,Julho,Absent,dna,Absent,Norm,90-100%,Yes,Black,Absent,Absent,absent,absent,dna,dna,Abnorm,Yes,Absent,Absent,Abnorm,Normal,lt-normal,Norm,Present,Norm,Absent,Norm,none,pot-severe,Absent,Abnorm,Absent,norm
charcoal-rot,whole-field,tan,same-lst-sev-yrs,Outubro,Absent,dna,Absent,Norm,90-100%,No,Black,Absent,Absent,absent,absent,dna,dna,Abnorm,Yes,Absent,Absent,Abnorm,Normal,lt-normal,Norm,Present,Norm,Absent,Norm,fungicida,pot-severe,Absent,Abnorm,Absent,norm
charcoal-rot,whole-field,tan,same-1st-yr,Outubro,Absent,dna,Absent,Norm,80-89%,Yes,Black,Absent,Absent,absent,absent,dna,dna,Abnorm,Yes,Absent,Absent,Abnorm,Normal,lt-normal,Norm,Present,Norm,Absent,Norm,fungicida,pot-severe,Absent,Abnorm,Absent,gt-norm
charcoal-rot,whole-field,tan,same-lst-sev-yrs,Setembro,Absent,dna,Absent,Norm,lt-80%,No,Black,Absent,Absent,absent,absent,dna,dna,Abnorm,Yes,Absent,Absent,Abnorm,Normal,lt-normal,Norm,Present,Norm,Absent,Norm,fungicida,pot-severe,Absent,Abnorm,Absent,gt-norm
charcoal-rot,upper-areas,tan,diff-1st-year,Outubro,Absent,dna,Absent,Norm,90-100%,No,Black,Absent,Absent,absent,absent,dna,dna,Abnorm,No,Absent,Absent,Abnorm,Normal,lt-normal,Norm,Present,Norm,Absent,Norm,none,pot-severe,Absent,Abnorm,Absent,gt-norm
charcoal-rot,upper-areas,tan,same-lst-two-yrs,Agosto,Absent,dna,Absent,Norm,80-89%,Yes,Black,Absent,Absent,absent,absent,dna,dna,Abnorm,Yes,Absent,Absent,Abnorm,Normal,lt-normal,Norm,Present,Norm,Absent,Norm,none,pot-severe,Absent,Abnorm,Absent,norm
charcoal-rot,upper-areas,tan,same-lst-two-yrs,Julho,Absent,dna,Absent,Norm,lt-80%,Yes,Black,Absent,Absent,absent,absent,dna,dna,Abnorm,Yes,Absent,Absent,Abnorm,Normal,lt-normal,Norm,Present,Norm,Absent,Norm,none,pot-severe,Absent,Abnorm,Absent,gt-norm
charcoal-rot,upper-areas,tan,same-lst-two-yrs,Setembro,Absent,dna,Absent,Norm,lt-80%,No,Black,Absent,Absent,absent,absent,dna,dna,Abnorm,Yes,Absent,Absent,Abnorm,Normal,lt-normal,Norm,Present,Norm,Absent,Norm,none,pot-severe,Absent,Abnorm,Absent,gt-norm
rhizoctonia-root-rot,low-areas,Brown,same-lst-two-yrs,Maio,firm-and-dry,dna,Absent,dna,lt-80%,Yes,None,Absent,Absent,absent,absent,dna,dna,Norm,Yes,Absent,Present,Abnorm,lt-normal,gt-normal,Norm,Absent,Norm,Absent,Norm,none,severe,Absent,Abnorm,below-soil,lt-norm
rhizoctonia-root-rot,low-areas,Brown,same-1st-yr,Maio,firm-and-dry,dna,Absent,dna,80-89%,Yes,None,Absent,Absent,absent,absent,dna,dna,Norm,Yes,Absent,Absent,Abnorm,lt-normal,gt-normal,Norm,Absent,Norm,Absent,Norm,none,severe,Absent,Abnorm,below-soil,lt-norm
rhizoctonia-root-rot,low-areas,Brown,same-lst-sev-yrs,Julho,firm-and-dry,dna,Absent,dna,80-89%,No,None,Absent,Absent,absent,absent,dna,dna,Norm,No,Absent,Present,Abnorm,Normal,gt-normal,Norm,Absent,Norm,Absent,Norm,none,severe,Absent,Abnorm,below-soil,lt-norm
rhizoctonia-root-rot,low-areas,Brown,diff-1st-year,Abril,firm-and-dry,dna,Absent,dna,lt-80%,Yes,None,Absent,Absent,absent,absent,dna,dna,Norm,Yes,Absent,Absent,Abnorm,lt-normal,gt-normal,Norm,Absent,Norm,Absent,Norm,fungicida,pot-severe,Absent,Abnorm,below-soil,lt-norm
rhizoctonia-root-rot,low-areas,Brown,same-1st-yr,Abril,firm-and-dry,dna,Absent,dna,lt-80%,Yes,None,Absent,Absent,absent,absent,dna,dna,Norm,Yes,Absent,Absent,Abnorm,lt-normal,gt-normal,Norm,Absent,Norm,Absent,Norm,fungicida,severe,Absent,Abnorm,below-soil,lt-norm
rhizoctonia-root-rot,low-areas,Brown,same-lst-sev-yrs,Maio,firm-and-dry,dna,Absent,dna,lt-80%,Yes,None,Absent,Absent,absent,absent,dna,dna,Norm,Yes,Absent,Absent,Abnorm,lt-normal,gt-normal,Norm,Absent,Norm,Absent,Norm,none,severe,Absent,Abnorm,below-soil,lt-norm
rhizoctonia-root-rot,low-areas,Brown,diff-1st-year,Maio,firm-and-dry,dna,Absent,dna,80-89%,Yes,None,Absent,Absent,absent,absent,dna,dna,Norm,Yes,Absent,Absent,Abnorm,lt-normal,gt-normal,Norm,Absent,Norm,Absent,Norm,none,pot-severe,Absent,Abnorm,below-soil,lt-norm
rhizoctonia-root-rot,low-areas,Brown,same-lst-two-yrs,Junho,firm-and-dry,dna,Absent,dna,80-89 %,Yes,None,Absent,Absent,absent,absent,dna,dna,Norm,Yes,Absent,Absent,Abnorm,lt-normal,gt-normal,Norm,Absent,Norm,Absent,Norm,none,pot-severe,Absent,Abnorm,below-soil,lt-norm
rhizoctonia-root-rot,low-areas,Brown,same-1st-yr,Maio,firm-and-dry,dna,Absent,dna,lt-80%,Yes,None,Absent,Absent,absent,absent,dna,dna,Norm,Yes,Absent,Absent,Abnorm,lt-normal,gt-normal,Norm,Absent,Norm,Absent,Norm,none,severe,Absent,Abnorm,below-soil,lt-norm
rhizoctonia-root-rot,low-areas,Brown,same-1st-yr,Junho,firm-and-dry,dna,Absent,dna,lt-80%,Yes,None,Absent,Absent,absent,absent,dna,dna,Norm,Yes,Absent,Absent,Abnorm,lt-normal,gt-normal,Norm,Absent,Norm,Absent,Norm,none,severe,Absent,Abnorm,below-soil,lt-norm
phytophthora-rot,low-areas,dk-brown-blk,same-1st-yr,Abril,firm-and-dry,dna,Absent,dna,90-100%,No,None,Absent,Absent,absent,absent,dna,dna,Abnorm,Yes,Absent,Absent,Abnorm,lt-normal,gt-normal,Norm,Absent,Norm,Absent,Norm,none,pot-severe,Absent,Abnorm,below-soil,norm
phytophthora-rot,low-areas,dk-brown-blk,same-lst-sev-yrs,Maio,Absent,Desconhecido,Desconhecido,Desconhecido,Desconhecido,Desconhecido,None,Absent,Absent,absent,absent,dna,dna,Abnorm,Desconhecido,Desconhecido,Absent,Abnorm,lt-normal,gt-normal,Rotted,Absent,Desconhecido,Desconhecido,Desconhecido,Desconhecido,Desconhecido,Desconhecido,Abnorm,Above-soil,norm
phytophthora-rot,low-areas,dk-brown-blk,same-lst-two-yrs,Junho,Absent,Desconhecido,Desconhecido,Desconhecido,Desconhecido,Desconhecido,None,Desconhecido,Desconhecido,Desconhecido,Desconhecido,Desconhecido,Desconhecido,Abnorm,Desconhecido,Desconhecido,Absent,Abnorm,lt-normal,gt-normal,Rotted,Absent,Desconhecido,Desconhecido,Desconhecido,Desconhecido,Desconhecido,Desconhecido,Abnorm,Above-sec-nde,gt-norm
phytophthora-rot,low-areas,dk-brown-blk,same-lst-two-yrs,Maio,Absent,dna,Absent,dna,80-89%,Yes,None,Absent,Absent,absent,absent,dna,dna,Abnorm,Yes,Absent,Absent,Abnorm,lt-normal,gt-normal,Norm,Absent,Norm,Absent,Norm,fungicida,severe,Absent,Abnorm,Above-soil,lt-norm
phytophthora-rot,low-areas,dk-brown-blk,same-lst-two-yrs,Junho,Absent,Desconhecido,Desconhecido,Desconhecido,Desconhecido,Desconhecido,None,Desconhecido,Desconhecido,Desconhecido,Desconhecido,Desconhecido,Desconhecido,Abnorm,Desconhecido,Desconhecido,Absent,Abnorm,lt-normal,gt-normal,Rotted,Absent,Desconhecido,Desconhecido,Desconhecido,Desconhecido,Desconhecido,Desconhecido,Abnorm,Above-soil,gt-norm
phytophthora-rot,low-areas,dk-brown-blk,same-lst-two-yrs,Julho,Absent,Desconhecido,Desconhecido,Desconhecido,Desconhecido,Desconhecido,None,Desconhecido,Desconhecido,Desconhecido,Desconhecido,Desconhecido,Desconhecido,Abnorm,Desconhecido,Desconhecido,Absent,Abnorm,lt-normal,gt-normal,Rotted,Absent,Desconhecido,Desconhecido,Desconhecido,Desconhecido,Desconhecido,Desconhecido,Abnorm,Above-sec-nde,norm
phytophthora-rot,low-areas,dk-brown-blk,same-1st-yr,Abril,Absent,dna,Absent,dna,90-100%,Yes,None,Absent,Absent,absent,absent,dna,dna,Abnorm,Yes,Absent,Absent,Abnorm,lt-normal,Normal,Norm,Absent,Norm,Absent,Norm,none,pot-severe,Absent,Abnorm,below-soil,norm
phytophthora-rot,low-areas,dk-brown-blk,same-lst-two-yrs,Julho,Absent,dna,Absent,dna,80-89%,Yes,None,Absent,Absent,absent,absent,dna,dna,Abnorm,Yes,Absent,Absent,Abnorm,lt-normal,gt-normal,Norm,Absent,Norm,Absent,Norm,fungicida,severe,Absent,Abnorm,Above-soil,lt-norm
phytophthora-rot,low-areas,dk-brown-blk,diff-1st-year,Junho,Absent,Desconhecido,Desconhecido,Desconhecido,Desconhecido,Desconhecido,None,Absent,Absent,absent,absent,dna,dna,Abnorm,Desconhecido,Desconhecido,Absent,Abnorm,lt-normal,Normal,Rotted,Absent,Desconhecido,Desconhecido,Desconhecido,Desconhecido,Desconhecido,Desconhecido,Abnorm,Above-soil,norm
phytophthora-rot,low-areas,dk-brown-blk,same-1st-yr,Junho,Absent,dna,Absent,dna,80-89%,Yes,None,Absent,Absent,absent,absent,dna,dna,Abnorm,Yes,Absent,Absent,Abnorm,lt-normal,gt-normal,Norm,Absent,Norm,Absent,Norm,none,severe,Absent,Abnorm,below-soil,lt-norm
phytophthora-rot,low-areas,dk-brown-blk,same-1st-yr,Junho,Absent,Desconhecido,Desconhecido,Desconhecido,Desconhecido,Desconhecido,None,Absent,Absent,absent,absent,dna,dna,Abnorm,Desconhecido,Desconhecido,Absent,Abnorm,lt-normal,gt-normal,Rotted,Absent,Desconhecido,Desconhecido,Desconhecido,Desconhecido,Desconhecido,Desconhecido,Abnorm,Above-soil,norm
phytophthora-rot,low-areas,dk-brown-blk,same-1st-yr,Maio,Absent,Desconhecido,Desconhecido,Desconhecido,Desconhecido,Desconhecido,None,Desconhecido,Desconhecido,Desconhecido,Desconhecido,Desconhecido,Desconhecido,Abnorm,Desconhecido,Desconhecido,Absent,Abnorm,lt-normal,gt-normal,Rotted,Absent,Desconhecido,Desconhecido,Desconhecido,Desconhecido,Desconhecido,Desconhecido,Abnorm,below-soil,norm
phytophthora-rot,low-areas,dk-brown-blk,same-lst-sev-yrs,Abril,Absent,dna,Absent,dna,90-100%,Yes,None,Absent,Absent,absent,absent,dna,dna,Abnorm,Yes,Absent,Absent,Abnorm,lt-normal,gt-normal,Norm,Absent,Norm,Absent,Norm,none,pot-severe,Absent,Abnorm,below-soil,norm
phytophthora-rot,low-areas,dk-brown-blk,same-lst-two-yrs,Abril,firm-and-dry,dna,Absent,dna,90-100%,No,None,Absent,Absent,absent,absent,dna,dna,Abnorm,No,Absent,Absent,Abnorm,lt-normal,Normal,Norm,Absent,Norm,Absent,Norm,fungicida,severe,Absent,Abnorm,Above-soil,norm
phytophthora-rot,low-areas,dk-brown-blk,same-1st-yr,Julho,Absent,dna,Absent,dna,90-100%,Yes,None,Absent,Absent,absent,absent,dna,dna,Abnorm,Yes,Absent,Absent,Abnorm,lt-normal,gt-normal,Norm,Absent,Norm,Absent,Norm,fungicida,severe,Absent,Abnorm,Above-soil,lt-norm
phytophthora-rot,low-areas,dk-brown-blk,same-lst-sev-yrs,Junho,Absent,Desconhecido,Desconhecido,Desconhecido,Desconhecido,Desconhecido,None,Desconhecido,Desconhecido,Desconhecido,Desconhecido,Desconhecido,Desconhecido,Abnorm,Desconhecido,Desconhecido,Absent,Abnorm,lt-normal,gt-normal,Rotted,Absent,Desconhecido,Desconhecido,Desconhecido,Desconhecido,Desconhecido,Desconhecido,Abnorm,Above-sec-nde,gt-norm
phytophthora-rot,low-areas,dk-brown-blk,same-lst-two-yrs,Abril,Absent,dna,Absent,dna,80-89%,Yes,None,Absent,Absent,absent,absent,dna,dna,Abnorm,Yes,Absent,Absent,Abnorm,lt-normal,gt-normal,Norm,Absent,Norm,Absent,Norm,none,pot-severe,Absent,Abnorm,below-soil,norm
phytophthora-rot,low-areas,dk-brown-blk,same-lst-two-yrs,Junho,Absent,Desconhecido,Desconhecido,Desconhecido,Desconhecido,Desconhecido,None,Absent,Absent,absent,absent,dna,dna,Abnorm,Desconhecido,Desconhecido,Absent,Abnorm,lt-normal,Normal,Rotted,Absent,Desconhecido,Desconhecido,Desconhecido,Desconhecido,Desconhecido,Desconhecido,Abnorm,Above-soil,gt-norm
phytophthora-rot,low-areas,dk-brown-blk,same-1st-yr,Junho,firm-and-dry,dna,Absent,dna,lt-80%,No,None,Absent,Absent,absent,absent,dna,dna,Abnorm,Yes,Absent,Absent,Abnorm,lt-normal,gt-normal,Norm,Absent,Norm,Absent,Norm,none,severe,Absent,Abnorm,below-soil,norm
phytophthora-rot,low-areas,dk-brown-blk,same-lst-sev-yrs,Abril,Absent,dna,Absent,dna,lt-80%,Yes,None,Absent,Absent,absent,absent,dna,dna,Abnorm,Yes,Absent,Absent,Abnorm,lt-normal,gt-normal,Norm,Absent,Norm,Absent,Norm,none,pot-severe,Absent,Abnorm,below-soil,norm
phytophthora-rot,low-areas,dk-brown-blk,diff-1st-year,Maio,Absent,dna,Absent,dna,80-89%,Yes,None,Absent,Absent,absent,absent,dna,dna,Abnorm,Yes,Absent,Absent,Abnorm,lt-normal,gt-normal,Norm,Absent,Norm,Absent,Norm,fungicida,severe,Absent,Abnorm,Above-soil,norm
phytophthora-rot,low-areas,dk-brown-blk,diff-1st-year,Maio,Absent,Desconhecido,Desconhecido,Desconhecido,Desconhecido,Desconhecido,None,Absent,Absent,absent,absent,dna,dna,Abnorm,Desconhecido,Desconhecido,Absent,Abnorm,lt-normal,gt-normal,Rotted,Absent,Desconhecido,Desconhecido,Desconhecido,Desconhecido,Desconhecido,Desconhecido,Abnorm,below-soil,norm
phytophthora-rot,low-areas,dk-brown-blk,same-1st-yr,Julho,Absent,Desconhecido,Desconhecido,Desconhecido,Desconhecido,Desconhecido,None,Desconhecido,Desconhecido,Desconhecido,Desconhecido,Desconhecido,Desconhecido,Abnorm,Desconhecido,Desconhecido,Absent,Abnorm,lt-normal,gt-normal,Rotted,Absent,Desconhecido,Desconhecido,Desconhecido,Desconhecido,Desconhecido,Desconhecido,Abnorm,Above-sec-nde,norm
phytophthora-rot,low-areas,dk-brown-blk,same-1st-yr,Junho,Absent,Desconhecido,Desconhecido,Desconhecido,Desconhecido,Desconhecido,None,Absent,Absent,absent,absent,dna,dna,Abnorm,Desconhecido,Desconhecido,Absent,Abnorm,lt-normal,gt-normal,Rotted,Absent,Desconhecido,Desconhecido,Desconhecido,Desconhecido,Desconhecido,Desconhecido,Abnorm,Above-sec-nde,norm
phytophthora-rot,low-areas,dk-brown-blk,same-lst-two-yrs,Julho,Absent,Desconhecido,Desconhecido,Desconhecido,Desconhecido,Desconhecido,None,Desconhecido,Desconhecido,Desconhecido,Desconhecido,Desconhecido,Desconhecido,Abnorm,Desconhecido,Desconhecido,Absent,Abnorm,lt-normal,gt-normal,Rotted,Absent,Desconhecido,Desconhecido,Desconhecido,Desconhecido,Desconhecido,Desconhecido,Abnorm,Above-soil,gt-norm
phytophthora-rot,low-areas,dk-brown-blk,same-lst-sev-yrs,Maio,firm-and-dry,dna,Absent,dna,80-89%,No,None,Absent,Absent,absent,absent,dna,dna,Abnorm,No,Absent,Absent,Abnorm,lt-normal,gt-normal,Norm,Absent,Norm,Absent,Norm,none,severe,Absent,Abnorm,below-soil,norm
phytophthora-rot,low-areas,dk-brown-blk,same-lst-sev-yrs,Julho,Absent,Desconhecido,Desconhecido,Desconhecido,Desconhecido,Desconhecido,None,Absent,Absent,absent,absent,dna,dna,Abnorm,Desconhecido,Desconhecido,Absent,Abnorm,lt-normal,Normal,Rotted,Absent,Desconhecido,Desconhecido,Desconhecido,Desconhecido,Desconhecido,Desconhecido,Abnorm,Above-soil,norm
phytophthora-rot,low-areas,dk-brown-blk,same-1st-yr,Junho,Absent,Desconhecido,Desconhecido,Desconhecido,Desconhecido,Desconhecido,None,Desconhecido,Desconhecido,Desconhecido,Desconhecido,Desconhecido,Desconhecido,Abnorm,Desconhecido,Desconhecido,Absent,Abnorm,lt-normal,gt-normal,Rotted,Absent,Desconhecido,Desconhecido,Desconhecido,Desconhecido,Desconhecido,Desconhecido,Abnorm,Above-soil,gt-norm
phytophthora-rot,low-areas,dk-brown-blk,same-lst-two-yrs,Julho,Absent,Desconhecido,Desconhecido,Desconhecido,Desconhecido,Desconhecido,None,Absent,Absent,absent,absent,dna,dna,Abnorm,Desconhecido,Desconhecido,Absent,Abnorm,lt-normal,Normal,Rotted,Absent,Desconhecido,Desconhecido,Desconhecido,Desconhecido,Desconhecido,Desconhecido,Abnorm,Above-soil,gt-norm
phytophthora-rot,low-areas,dk-brown-blk,same-1st-yr,Maio,Absent,Desconhecido,Desconhecido,Desconhecido,Desconhecido,Desconhecido,None,Desconhecido,Desconhecido,Desconhecido,Desconhecido,Desconhecido,Desconhecido,Abnorm,Desconhecido,Desconhecido,Absent,Abnorm,lt-normal,gt-normal,Rotted,Absent,Desconhecido,Desconhecido,Desconhecido,Desconhecido,Desconhecido,Desconhecido,Abnorm,below-soil,gt-norm
phytophthora-rot,low-areas,dk-brown-blk,same-lst-sev-yrs,Junho,Absent,Desconhecido,Desconhecido,Desconhecido,Desconhecido,Desconhecido,None,Absent,Absent,absent,absent,dna,dna,Abnorm,Desconhecido,Desconhecido,Absent,Abnorm,lt-normal,gt-normal,Rotted,Absent,Desconhecido,Desconhecido,Desconhecido,Desconhecido,Desconhecido,Desconhecido,Abnorm,Above-soil,gt-norm
phytophthora-rot,low-areas,dk-brown-blk,diff-1st-year,Julho,Absent,Desconhecido,Desconhecido,Desconhecido,Desconhecido,Desconhecido,None,Absent,Absent,absent,absent,dna,dna,Abnorm,Desconhecido,Desconhecido,Absent,Abnorm,lt-normal,Normal,Rotted,Absent,Desconhecido,Desconhecido,Desconhecido,Desconhecido,Desconhecido,Desconhecido,Abnorm,Above-sec-nde,norm
phytophthora-rot,low-areas,dk-brown-blk,same-1st-yr,Junho,Absent,dna,Absent,dna,90-100%,Yes,None,Absent,Absent,absent,absent,dna,dna,Abnorm,Yes,Absent,Absent,Abnorm,lt-normal,gt-normal,Norm,Absent,Norm,Absent,Norm,none,severe,Absent,Abnorm,below-soil,lt-norm
phytophthora-rot,low-areas,dk-brown-blk,same-1st-yr,Julho,Absent,Desconhecido,Desconhecido,Desconhecido,Desconhecido,Desconhecido,None,Absent,Absent,absent,absent,dna,dna,Abnorm,Desconhecido,Desconhecido,Absent,Abnorm,lt-normal,Normal,Rotted,Absent,Desconhecido,Desconhecido,Desconhecido,Desconhecido,Desconhecido,Desconhecido,Abnorm,Above-sec-nde,norm
phytophthora-rot,low-areas,dk-brown-blk,same-1st-yr,Junho,Absent,Desconhecido,Desconhecido,Desconhecido,Desconhecido,Desconhecido,None,Desconhecido,Desconhecido,Desconhecido,Desconhecido,Desconhecido,Desconhecido,Abnorm,Desconhecido,Desconhecido,Absent,Abnorm,lt-normal,gt-normal,Rotted,Absent,Desconhecido,Desconhecido,Desconhecido,Desconhecido,Desconhecido,Desconhecido,Abnorm,below-soil,gt-norm
phytophthora-rot,low-areas,dk-brown-blk,diff-1st-year,Maio,Absent,dna,Absent,dna,90-100%,Yes,None,Absent,Absent,absent,absent,dna,dna,Abnorm,Yes,Absent,Absent,Abnorm,lt-normal,gt-normal,Norm,Absent,Norm,Absent,Norm,fungicida,severe,Absent,Abnorm,Above-soil,lt-norm
phytophthora-rot,low-areas,dk-brown-blk,same-lst-two-yrs,Julho,Absent,Desconhecido,Desconhecido,Desconhecido,Desconhecido,Desconhecido,None,Desconhecido,Desconhecido,Desconhecido,Desconhecido,Desconhecido,Desconhecido,Abnorm,Desconhecido,Desconhecido,Absent,Abnorm,lt-normal,gt-normal,Rotted,Absent,Desconhecido,Desconhecido,Desconhecido,Desconhecido,Desconhecido,Desconhecido,Abnorm,Above-soil,norm
phytophthora-rot,low-areas,dk-brown-blk,same-lst-sev-yrs,Julho,Absent,Desconhecido,Desconhecido,Desconhecido,Desconhecido,Desconhecido,None,Desconhecido,Desconhecido,Desconhecido,Desconhecido,Desconhecido,Desconhecido,Abnorm,Desconhecido,Desconhecido,Absent,Abnorm,lt-normal,gt-normal,Rotted,Absent,Desconhecido,Desconhecido,Desconhecido,Desconhecido,Desconhecido,Desconhecido,Abnorm,Above-sec-nde,norm
phytophthora-rot,low-areas,dk-brown-blk,same-lst-two-yrs,Julho,Absent,dna,Absent,dna,lt-80%,Yes,None,Absent,Absent,absent,absent,dna,dna,Abnorm,Yes,Absent,Absent,Abnorm,lt-normal,Normal,Norm,Absent,Norm,Absent,Norm,fungicida,severe,Absent,Abnorm,Above-soil,lt-norm
phytophthora-rot,low-areas,dk-brown-blk,same-lst-two-yrs,Julho,Absent,Desconhecido,Desconhecido,Desconhecido,Desconhecido,Desconhecido,None,Desconhecido,Desconhecido,Desconhecido,Desconhecido,Desconhecido,Desconhecido,Abnorm,Desconhecido,Desconhecido,Absent,Abnorm,lt-normal,gt-normal,Rotted,Absent,Desconhecido,Desconhecido,Desconhecido,Desconhecido,Desconhecido,Desconhecido,Abnorm,Above-sec-nde,gt-norm
brown-stem-rot,whole-field,dna,same-1st-yr,Agosto,Absent,Absent,Absent,Norm,lt-80%,Yes,Brown,Absent,Absent,absent,absent,dna,dna,Abnorm,Yes,Absent,Absent,Norm,Normal,lt-normal,Norm,Absent,Norm,Absent,Norm,fungicida,pot-severe,Absent,Abnorm,Absent,norm
brown-stem-rot,whole-field,dna,same-1st-yr,Agosto,Absent,Absent,Absent,Norm,lt-80%,Yes,Brown,Absent,Absent,absent,absent,dna,dna,Abnorm,Yes,Absent,Absent,Norm,Normal,lt-normal,Norm,Absent,Norm,Absent,Norm,fungicida,pot-severe,Absent,Abnorm,Absent,norm
brown-stem-rot,scattered,tan,same-lst-sev-yrs,Julho,Absent,dna,Absent,Norm,lt-80%,Yes,Brown,Absent,Absent,absent,absent,dna,dna,Norm,Yes,Absent,Absent,Abnorm,lt-normal,lt-normal,Norm,Absent,Norm,Absent,Norm,fungicida,pot-severe,Absent,Abnorm,Absent,lt-norm
brown-stem-rot,whole-field,dna,same-1st-yr,Setembro,Absent,Absent,Absent,Norm,lt-80%,Yes,Brown,Absent,Absent,absent,absent,dna,dna,Abnorm,Yes,Absent,Absent,Norm,Normal,lt-normal,Norm,Absent,Norm,Absent,Norm,fungicida,pot-severe,Absent,Abnorm,Absent,gt-norm
brown-stem-rot,whole-field,dna,same-lst-two-yrs,Setembro,Absent,Absent,Absent,Norm,80-89%,Yes,Brown,Absent,Absent,absent,absent,dna,dna,Abnorm,Yes,Absent,Absent,Norm,Normal,lt-normal,Norm,Absent,Norm,Absent,Norm,fungicida,pot-severe,Absent,Abnorm,Absent,gt-norm
brown-stem-rot,upper-areas,dna,same-lst-sev-yrs,Agosto,Absent,Absent,Absent,Norm,80-89%,Yes,Brown,Absent,Absent,absent,absent,dna,dna,Abnorm,Yes,Absent,Absent,Norm,Normal,lt-normal,Norm,Absent,Norm,Absent,Norm,none,pot-severe,Absent,Abnorm,Absent,norm
brown-stem-rot,whole-field,tan,same-lst-sev-yrs,Setembro,Absent,dna,Absent,Norm,lt-80%,No,Brown,Absent,Absent,absent,no-yellow-halos,gt-1/8,w-s-marg,Abnorm,No,Absent,Absent,Abnorm,Normal,lt-normal,Norm,Absent,Norm,Absent,Norm,none,pot-severe,Absent,Abnorm,Absent,norm
brown-stem-rot,scattered,tan,same-lst-two-yrs,Outubro,Absent,dna,Absent,Norm,90-100%,No,Brown,Absent,Absent,absent,absent,gt-1/8,dna,Norm,No,Absent,Absent,Abnorm,Normal,Normal,Norm,Absent,Norm,Absent,Norm,fungicida,pot-severe,Absent,Abnorm,Absent,norm
brown-stem-rot,upper-areas,tan,same-lst-sev-yrs,Setembro,Absent,dna,Absent,Norm,90-100%,Yes,Brown,Absent,Absent,absent,absent,dna,dna,Abnorm,No,Absent,Absent,Abnorm,lt-normal,lt-normal,Norm,Absent,Norm,Absent,Norm,none,pot-severe,Absent,Abnorm,Absent,lt-norm
brown-stem-rot,whole-field,tan,same-1st-yr,Setembro,Absent,dna,Absent,Norm,90-100%,Yes,Brown,Absent,Absent,absent,no-yellow-halos,gt-1/8,w-s-marg,Abnorm,No,Absent,Absent,Abnorm,lt-normal,lt-normal,Norm,Absent,Norm,Absent,Norm,fungicida,pot-severe,Absent,Abnorm,Absent,norm
brown-stem-rot,whole-field,tan,same-lst-two-yrs,Agosto,Absent,dna,Absent,Norm,lt-80%,No,Brown,Absent,Absent,absent,absent,dna,dna,Norm,No,Absent,Absent,Abnorm,Normal,Normal,Norm,Absent,Norm,Absent,Norm,fungicida,pot-severe,Absent,Abnorm,Absent,lt-norm
brown-stem-rot,upper-areas,tan,same-lst-sev-yrs,Agosto,Absent,dna,Absent,Norm,80-89%,Yes,Brown,Absent,Absent,absent,no-yellow-halos,gt-1/8,w-s-marg,Abnorm,No,Absent,Absent,Abnorm,lt-normal,lt-normal,Norm,Absent,Norm,Absent,Norm,fungicida,pot-severe,Absent,Abnorm,Absent,lt-norm
brown-stem-rot,scattered,dna,same-lst-two-yrs,Agosto,Absent,Absent,Absent,Norm,90-100%,Yes,Brown,Absent,Absent,absent,absent,dna,dna,Abnorm,Yes,Absent,Absent,Norm,Normal,lt-normal,Norm,Absent,Norm,Absent,Norm,fungicida,pot-severe,Absent,Abnorm,Absent,norm
brown-stem-rot,scattered,tan,same-lst-two-yrs,Julho,Absent,dna,Absent,Norm,80-89%,Yes,Brown,Absent,Absent,absent,no-yellow-halos,gt-1/8,w-s-marg,Abnorm,Yes,Absent,Absent,Abnorm,lt-normal,lt-normal,Norm,Absent,Norm,Absent,Norm,none,severe,Absent,Abnorm,Absent,lt-norm
brown-stem-rot,upper-areas,dna,same-lst-sev-yrs,Setembro,Absent,Absent,Absent,Norm,80-89%,Yes,Brown,Absent,Absent,absent,absent,dna,dna,Abnorm,Yes,Absent,Absent,Norm,Normal,lt-normal,Norm,Absent,Norm,Absent,Norm,none,pot-severe,Absent,Abnorm,Absent,norm
brown-stem-rot,whole-field,dna,same-lst-sev-yrs,Agosto,Absent,Absent,Absent,Norm,90-100%,Yes,Brown,Absent,Absent,absent,absent,dna,dna,Abnorm,Yes,Absent,Absent,Norm,Normal,lt-normal,Norm,Absent,Norm,Absent,Norm,fungicida,pot-severe,Absent,Abnorm,Absent,norm
brown-stem-rot,upper-areas,dna,same-lst-sev-yrs,Agosto,Absent,Absent,Absent,Norm,lt-80%,Yes,Brown,Absent,Absent,absent,absent,dna,dna,Abnorm,Yes,Absent,Absent,Norm,Normal,lt-normal,Norm,Absent,Norm,Absent,Norm,none,pot-severe,Absent,Abnorm,Absent,norm
brown-stem-rot,upper-areas,dna,same-1st-yr,Agosto,Absent,Absent,Absent,Norm,lt-80%,Yes,Brown,Absent,Absent,absent,absent,dna,dna,Abnorm,Yes,Absent,Absent,Norm,Normal,lt-normal,Norm,Absent,Norm,Absent,Norm,fungicida,pot-severe,Absent,Abnorm,Absent,norm
brown-stem-rot,upper-areas,dna,same-1st-yr,Agosto,Absent,Absent,Absent,Norm,90-100%,Yes,Brown,Absent,Absent,absent,absent,dna,dna,Abnorm,Yes,Absent,Absent,Norm,Normal,lt-normal,Norm,Absent,Norm,Absent,Norm,none,pot-severe,Absent,Abnorm,Absent,norm
brown-stem-rot,upper-areas,dna,same-lst-sev-yrs,Julho,Absent,Absent,Absent,Norm,90-100%,Yes,Brown,Absent,Absent,absent,absent,dna,dna,Abnorm,Yes,Absent,Absent,Norm,Normal,lt-normal,Norm,Absent,Norm,Absent,Norm,none,pot-severe,Absent,Abnorm,Absent,norm
powdery-mildew,whole-field,dna,same-lst-sev-yrs,Setembro,Absent,Absent,Absent,Norm,80-89%,No,None,Absent,Upper-surf,absent,absent,dna,dna,Abnorm,Yes,Absent,Absent,Norm,Normal,lt-normal,Norm,Absent,Norm,Absent,Norm,none,pot-severe,Absent,Norm,Absent,norm
powdery-mildew,scattered,dna,diff-1st-year,Outubro,Absent,Absent,Absent,Norm,lt-80%,No,None,Absent,Upper-surf,absent,absent,dna,dna,Abnorm,Yes,Absent,Absent,Norm,Normal,Normal,Norm,Absent,Norm,Absent,Norm,fungicida,Minor,Absent,Norm,Absent,lt-norm
powdery-mildew,whole-field,dna,same-lst-sev-yrs,Maio,Absent,Absent,Absent,Norm,90-100%,Yes,None,Absent,Upper-surf,absent,absent,dna,dna,Abnorm,Yes,Absent,Absent,Norm,lt-normal,lt-normal,Norm,Absent,Norm,Absent,Norm,Outros,pot-severe,Absent,Norm,Absent,norm
powdery-mildew,upper-areas,dna,same-lst-two-yrs,Outubro,Absent,Absent,Absent,Norm,lt-80%,Yes,None,Absent,Upper-surf,absent,absent,dna,dna,Abnorm,Yes,Absent,Absent,Norm,lt-normal,Normal,Norm,Absent,Norm,Absent,Norm,fungicida,Minor,Absent,Norm,Absent,lt-norm
powdery-mildew,upper-areas,dna,same-lst-two-yrs,Agosto,Absent,Absent,Absent,Norm,90-100%,Yes,None,Absent,Upper-surf,absent,absent,dna,dna,Abnorm,Yes,Absent,Absent,Norm,lt-normal,Normal,Norm,Absent,Norm,Absent,Norm,Outros,Minor,Absent,Norm,Absent,lt-norm
powdery-mildew,low-areas,dna,same-1st-yr,Outubro,Absent,Absent,Absent,Norm,lt-80%,No,None,Absent,Upper-surf,absent,absent,dna,dna,Abnorm,Yes,Absent,Absent,Norm,Normal,lt-normal,Norm,Absent,Norm,Absent,Norm,none,pot-severe,Absent,Norm,Absent,norm
powdery-mildew,upper-areas,dna,same-lst-two-yrs,Junho,Absent,Absent,Absent,Norm,80-89%,Yes,None,Absent,Upper-surf,absent,absent,dna,dna,Abnorm,Yes,Absent,Absent,Norm,lt-normal,Normal,Norm,Absent,Norm,Absent,Norm,none,Minor,Absent,Norm,Absent,lt-norm
powdery-mildew,low-areas,dna,same-1st-yr,Outubro,Absent,Absent,Absent,Norm,lt-80%,Yes,None,Absent,Upper-surf,absent,absent,dna,dna,Abnorm,Yes,Absent,Absent,Norm,lt-normal,lt-normal,Norm,Absent,Norm,Absent,Norm,fungicida,pot-severe,Absent,Norm,Absent,norm
powdery-mildew,low-areas,dna,same-1st-yr,Setembro,Absent,Absent,Absent,Norm,80-89%,Yes,None,Absent,Upper-surf,absent,absent,dna,dna,Abnorm,Yes,Absent,Absent,Norm,lt-normal,lt-normal,Norm,Absent,Norm,Absent,Norm,none,pot-severe,Absent,Norm,Absent,norm
powdery-mildew,low-areas,dna,same-1st-yr,Maio,Absent,Absent,Absent,Norm,90-100%,Yes,None,Absent,Upper-surf,absent,absent,dna,dna,Abnorm,Yes,Absent,Absent,Norm,lt-normal,lt-normal,Norm,Absent,Norm,Absent,Norm,Outros,pot-severe,Absent,Norm,Absent,norm
downy-mildew,low-areas,dna,same-lst-two-yrs,Outubro,Absent,Absent,Absent,Norm,lt-80%,No,None,Present,Lower-surf,absent,no-yellow-halos,gt-1/8,w-s-marg,Abnorm,Yes,Present,Absent,Norm,Normal,gt-normal,Norm,Absent,Abnorm,Absent,Norm,fungicida,Minor,Absent,Norm,Absent,lt-norm
downy-mildew,low-areas,dna,same-1st-yr,Junho,Absent,Absent,Absent,Norm,lt-80%,No,None,Present,Lower-surf,absent,no-yellow-halos,gt-1/8,w-s-marg,Abnorm,Yes,Present,Absent,Norm,Normal,gt-normal,Norm,Absent,Abnorm,Absent,Norm,fungicida,pot-severe,Absent,Norm,Absent,norm
downy-mildew,upper-areas,dna,same-lst-sev-yrs,Maio,Absent,Absent,Absent,Norm,80-89%,No,None,Absent,Lower-surf,absent,yellow-halos,gt-1/8,w-s-marg,Abnorm,Yes,Present,Absent,Norm,Normal,gt-normal,Norm,Absent,Abnorm,Absent,Norm,none,pot-severe,Absent,Norm,Absent,norm
downy-mildew,upper-areas,dna,same-lst-two-yrs,Agosto,Absent,Absent,Absent,Norm,80-89%,Yes,None,Present,Lower-surf,absent,yellow-halos,gt-1/8,w-s-marg,Abnorm,Yes,Present,Absent,Norm,lt-normal,gt-normal,Norm,Absent,Abnorm,Absent,Norm,none,pot-severe,Absent,Norm,Absent,gt-norm
downy-mildew,scattered,dna,diff-1st-year,Maio,Absent,Absent,Absent,Norm,80-89%,No,None,Absent,Lower-surf,absent,yellow-halos,gt-1/8,w-s-marg,Abnorm,Yes,Present,Absent,Norm,Normal,gt-normal,Norm,Absent,Abnorm,Absent,Norm,none,pot-severe,Absent,Norm,Absent,lt-norm
downy-mildew,scattered,dna,same-lst-sev-yrs,Junho,Absent,Absent,Absent,Norm,80-89%,Yes,None,Absent,Lower-surf,absent,yellow-halos,gt-1/8,w-s-marg,Abnorm,Yes,Present,Absent,Norm,lt-normal,gt-normal,Norm,Absent,Abnorm,Absent,Norm,none,pot-severe,Absent,Norm,Absent,lt-norm
downy-mildew,scattered,dna,same-lst-two-yrs,Junho,Absent,Absent,Absent,Norm,80-89%,Yes,None,Absent,Lower-surf,absent,no-yellow-halos,gt-1/8,w-s-marg,Abnorm,Yes,Present,Absent,Norm,lt-normal,gt-normal,Norm,Absent,Abnorm,Absent,Norm,none,pot-severe,Absent,Norm,Absent,norm
downy-mildew,low-areas,dna,same-lst-two-yrs,Agosto,Absent,Absent,Absent,Norm,lt-80%,Yes,None,Absent,Lower-surf,absent,yellow-halos,gt-1/8,w-s-marg,Abnorm,Yes,Present,Absent,Norm,lt-normal,gt-normal,Norm,Absent,Abnorm,Absent,Norm,fungicida,Minor,Absent,Norm,Absent,gt-norm
downy-mildew,upper-areas,dna,same-1st-yr,Agosto,Absent,Absent,Absent,Norm,80-89%,Yes,None,Absent,Lower-surf,absent,no-yellow-halos,gt-1/8,w-s-marg,Abnorm,Yes,Present,Absent,Norm,lt-normal,gt-normal,Norm,Absent,Abnorm,Absent,Norm,none,pot-severe,Absent,Norm,Absent,lt-norm
downy-mildew,upper-areas,dna,same-lst-sev-yrs,Setembro,Absent,Absent,Absent,Norm,80-89%,Yes,None,Absent,Lower-surf,absent,yellow-halos,gt-1/8,w-s-marg,Abnorm,Yes,Present,Absent,Norm,lt-normal,gt-normal,Norm,Absent,Abnorm,Absent,Norm,none,pot-severe,Absent,Norm,Absent,norm
brown-spot,whole-field,dna,same-lst-sev-yrs,Maio,Absent,Absent,Absent,Norm,lt-80%,No,None,Absent,Absent,absent,no-yellow-halos,gt-1/8,w-s-marg,Abnorm,Yes,Absent,Absent,Abnorm,lt-normal,gt-normal,Norm,Absent,Norm,Absent,Norm,none,pot-severe,Absent,Norm,Absent,gt-norm
brown-spot,whole-field,dna,same-lst-two-yrs,Junho,Absent,Absent,Absent,Norm,80-89%,Yes,None,Absent,Absent,absent,no-yellow-halos,gt-1/8,w-s-marg,Abnorm,Yes,Absent,Absent,Norm,Normal,gt-normal,Norm,Absent,Norm,Absent,Norm,fungicida,pot-severe,Absent,Norm,Absent,norm
brown-spot,whole-field,dna,same-lst-two-yrs,Junho,Absent,Absent,Absent,Norm,90-100%,Yes,None,Absent,Absent,Present,no-yellow-halos,gt-1/8,w-s-marg,Abnorm,Yes,Absent,Absent,Norm,Normal,gt-normal,Norm,Absent,Norm,Absent,Norm,fungicida,pot-severe,Absent,Norm,Absent,norm
brown-spot,scattered,dna,same-1st-yr,Junho,Absent,Absent,Absent,Norm,90-100%,Yes,None,Absent,Absent,Present,no-yellow-halos,gt-1/8,w-s-marg,Abnorm,Yes,Absent,Absent,Norm,Normal,gt-normal,Norm,Absent,Norm,Absent,Norm,Outros,pot-severe,Absent,Norm,Absent,norm
brown-spot,whole-field,dna,same-lst-sev-yrs,Maio,Absent,Absent,Absent,Norm,80-89%,No,None,Absent,Absent,absent,no-yellow-halos,gt-1/8,w-s-marg,Abnorm,Yes,Absent,Absent,Abnorm,lt-normal,gt-normal,Norm,Absent,Norm,Absent,Norm,fungicida,pot-severe,Absent,Norm,Absent,gt-norm
brown-spot,whole-field,dna,same-lst-two-yrs,Maio,Absent,Absent,Absent,Norm,lt-80%,Yes,None,Absent,Absent,Present,no-yellow-halos,gt-1/8,w-s-marg,Abnorm,Yes,Absent,Absent,Norm,lt-normal,gt-normal,Norm,Absent,Norm,Absent,Norm,none,pot-severe,Absent,Norm,Absent,norm
brown-spot,whole-field,dna,same-lst-sev-yrs,Abril,Absent,Absent,Absent,Norm,80-89%,No,None,Absent,Absent,absent,no-yellow-halos,gt-1/8,w-s-marg,Abnorm,Yes,Absent,Absent,Norm,lt-normal,gt-normal,Norm,Absent,Norm,Absent,Norm,Outros,pot-severe,Absent,Norm,Absent,gt-norm
brown-spot,whole-field,dna,same-lst-two-yrs,Junho,Absent,Absent,Absent,Norm,90-100%,Yes,None,Absent,Absent,Present,no-yellow-halos,gt-1/8,w-s-marg,Abnorm,Yes,Absent,Absent,Norm,Normal,gt-normal,Norm,Absent,Norm,Absent,Norm,none,pot-severe,Absent,Norm,Absent,norm
brown-spot,whole-field,dna,same-lst-two-yrs,Maio,Absent,Absent,Absent,Norm,80-89%,Yes,None,Absent,Absent,Present,no-yellow-halos,gt-1/8,w-s-marg,Abnorm,Yes,Absent,Absent,Norm,Normal,gt-normal,Norm,Absent,Norm,Absent,Norm,fungicida,pot-severe,Absent,Norm,Absent,norm
brown-spot,whole-field,dna,same-lst-sev-yrs,Junho,Absent,Absent,Absent,Norm,lt-80%,Yes,None,Absent,Absent,Present,no-yellow-halos,gt-1/8,w-s-marg,Abnorm,Yes,Absent,Absent,Norm,lt-normal,gt-normal,Norm,Absent,Norm,Absent,Norm,none,pot-severe,Absent,Norm,Absent,norm
brown-spot,upper-areas,Brown,same-lst-two-yrs,Setembro,Absent,Absent,Present,Norm,80-89%,Yes,None,Absent,Absent,absent,no-yellow-halos,gt-1/8,w-s-marg,Abnorm,Yes,Absent,Absent,Norm,Normal,gt-normal,Norm,Absent,Norm,Absent,Norm,none,pot-severe,Absent,Abnorm,Above-sec-nde,norm
brown-spot,whole-field,dna,same-lst-sev-yrs,Maio,Absent,Absent,Absent,Norm,lt-80%,Yes,None,Absent,Absent,Present,no-yellow-halos,gt-1/8,w-s-marg,Abnorm,Yes,Absent,Absent,Norm,lt-normal,gt-normal,Norm,Absent,Norm,Absent,Norm,fungicida,pot-severe,Absent,Norm,Absent,norm
brown-spot,whole-field,dna,same-lst-sev-yrs,Maio,Absent,Absent,Absent,Norm,90-100%,Yes,None,Absent,Absent,Present,no-yellow-halos,gt-1/8,w-s-marg,Abnorm,Yes,Absent,Absent,Norm,Normal,gt-normal,Norm,Absent,Norm,Absent,Norm,Outros,pot-severe,Absent,Norm,Absent,norm
brown-spot,whole-field,Brown,same-1st-yr,Agosto,Absent,Absent,Present,Norm,90-100%,Yes,None,Absent,Absent,Present,no-yellow-halos,gt-1/8,w-s-marg,Abnorm,Yes,Absent,Absent,Norm,Normal,gt-normal,Norm,Absent,Norm,Absent,Norm,none,pot-severe,Absent,Abnorm,Above-sec-nde,norm
brown-spot,whole-field,dna,same-lst-two-yrs,Maio,Absent,Absent,Absent,Norm,80-89%,Yes,None,Absent,Absent,Present,no-yellow-halos,gt-1/8,w-s-marg,Abnorm,Yes,Absent,Absent,Norm,Normal,gt-normal,Norm,Absent,Norm,Absent,Norm,none,pot-severe,Absent,Norm,Absent,norm
brown-spot,whole-field,Brown,same-lst-sev-yrs,Agosto,Absent,Absent,Present,Norm,lt-80%,Yes,None,Absent,Absent,absent,no-yellow-halos,gt-1/8,w-s-marg,Abnorm,Yes,Absent,Absent,Norm,lt-normal,gt-normal,Norm,Absent,Norm,Absent,Norm,none,pot-severe,Absent,Abnorm,Above-sec-nde,norm
brown-spot,whole-field,dna,same-lst-sev-yrs,Junho,Absent,Absent,Absent,Norm,90-100%,Yes,None,Absent,Absent,Present,no-yellow-halos,gt-1/8,w-s-marg,Abnorm,Yes,Absent,Absent,Norm,Normal,gt-normal,Norm,Absent,Norm,Absent,Norm,none,pot-severe,Absent,Norm,Absent,norm
brown-spot,upper-areas,dna,same-lst-two-yrs,Abril,Absent,Absent,Absent,Norm,80-89%,No,None,Absent,Absent,absent,no-yellow-halos,gt-1/8,w-s-marg,Abnorm,Yes,Absent,Absent,Abnorm,lt-normal,Normal,Norm,Absent,Norm,Absent,Norm,Outros,Minor,Absent,Norm,Absent,norm
brown-spot,scattered,dna,same-lst-two-yrs,Maio,Absent,Absent,Absent,Norm,lt-80%,No,None,Absent,Absent,absent,no-yellow-halos,gt-1/8,w-s-marg,Abnorm,Yes,Absent,Absent,Norm,lt-normal,Normal,Norm,Absent,Norm,Absent,Norm,none,Minor,Absent,Norm,Absent,norm
brown-spot,scattered,dna,same-1st-yr,Maio,Absent,Absent,Absent,Norm,lt-80%,Yes,None,Absent,Absent,Present,no-yellow-halos,gt-1/8,w-s-marg,Abnorm,Yes,Absent,Absent,Norm,lt-normal,gt-normal,Norm,Absent,Norm,Absent,Norm,Outros,pot-severe,Absent,Norm,Absent,norm
brown-spot,whole-field,Brown,same-1st-yr,Maio,Absent,Absent,Present,Norm,90-100%,Yes,None,Absent,Absent,absent,no-yellow-halos,gt-1/8,w-s-marg,Abnorm,Yes,Absent,Absent,Norm,Normal,gt-normal,Norm,Absent,Norm,Absent,Norm,none,pot-severe,Absent,Abnorm,Above-sec-nde,norm
brown-spot,whole-field,dna,same-lst-sev-yrs,Junho,Absent,Absent,Absent,Norm,80-89%,Yes,None,Absent,Absent,Present,no-yellow-halos,gt-1/8,w-s-marg,Abnorm,Yes,Absent,Absent,Norm,Normal,gt-normal,Norm,Absent,Norm,Absent,Norm,fungicida,pot-severe,Absent,Norm,Absent,norm
brown-spot,whole-field,tan,same-lst-two-yrs,Julho,firm-and-dry,Absent,Present,Norm,80-89%,Yes,None,Absent,Absent,absent,no-yellow-halos,gt-1/8,w-s-marg,Abnorm,Yes,Absent,Absent,Norm,Normal,gt-normal,Norm,Absent,Norm,Absent,Norm,Outros,severe,Absent,Abnorm,Absent,norm
brown-spot,low-areas,dna,same-lst-sev-yrs,Junho,Absent,Absent,Absent,Norm,90-100%,No,None,Absent,Absent,absent,no-yellow-halos,gt-1/8,w-s-marg,Abnorm,Yes,Absent,Absent,Abnorm,lt-normal,gt-normal,Norm,Absent,Norm,Absent,Norm,fungicida,pot-severe,Absent,Norm,Absent,gt-norm
brown-spot,whole-field,dna,same-lst-two-yrs,Maio,Absent,Absent,Absent,Norm,90-100%,Yes,None,Absent,Absent,Present,no-yellow-halos,gt-1/8,w-s-marg,Abnorm,Yes,Absent,Absent,Norm,Normal,gt-normal,Norm,Absent,Norm,Absent,Norm,Outros,pot-severe,Absent,Norm,Absent,norm
brown-spot,whole-field,dna,same-lst-two-yrs,Maio,Absent,Absent,Absent,Norm,lt-80%,Yes,None,Absent,Absent,Present,no-yellow-halos,gt-1/8,w-s-marg,Abnorm,Yes,Absent,Absent,Norm,lt-normal,gt-normal,Norm,Absent,Norm,Absent,Norm,none,pot-severe,Absent,Norm,Absent,norm
brown-spot,whole-field,Brown,same-1st-yr,Setembro,Absent,Absent,Present,Norm,90-100%,Yes,None,Absent,Absent,Present,no-yellow-halos,gt-1/8,w-s-marg,Abnorm,Yes,Absent,Absent,Norm,Normal,gt-normal,Norm,Absent,Norm,Absent,Norm,none,pot-severe,Absent,Abnorm,Above-sec-nde,norm
brown-spot,upper-areas,Brown,same-lst-two-yrs,Agosto,Absent,Colored,Present,Norm,lt-80%,No,None,Absent,Absent,absent,no-yellow-halos,gt-1/8,w-s-marg,Abnorm,Yes,Absent,Absent,Norm,lt-normal,Normal,Norm,Absent,Norm,Absent,Norm,none,Minor,Absent,Abnorm,Above-sec-nde,norm
brown-spot,whole-field,Brown,same-1st-yr,Julho,Absent,Absent,Present,Norm,lt-80%,Yes,None,Absent,Absent,Present,no-yellow-halos,gt-1/8,w-s-marg,Abnorm,Yes,Absent,Absent,Norm,lt-normal,gt-normal,Norm,Absent,Norm,Absent,Norm,none,pot-severe,Absent,Abnorm,Above-sec-nde,norm
brown-spot,whole-field,dna,same-lst-sev-yrs,Maio,Absent,Absent,Absent,Norm,90-100%,Yes,None,Absent,Absent,absent,no-yellow-halos,gt-1/8,w-s-marg,Abnorm,Yes,Absent,Absent,Norm,Normal,gt-normal,Norm,Absent,Norm,Absent,Norm,none,pot-severe,Absent,Norm,Absent,norm
brown-spot,whole-field,tan,same-lst-two-yrs,Agosto,firm-and-dry,Absent,Present,Norm,80-89%,Yes,None,Absent,Absent,absent,no-yellow-halos,gt-1/8,w-s-marg,Abnorm,Yes,Absent,Absent,Norm,Normal,gt-normal,Norm,Absent,Norm,Absent,Norm,fungicida,severe,Absent,Abnorm,Absent,norm
brown-spot,whole-field,dna,same-lst-two-yrs,Junho,Absent,Absent,Absent,Norm,lt-80%,Yes,None,Absent,Absent,absent,no-yellow-halos,gt-1/8,w-s-marg,Abnorm,Yes,Absent,Absent,Norm,lt-normal,gt-normal,Norm,Absent,Norm,Absent,Norm,none,pot-severe,Absent,Norm,Absent,norm
brown-spot,scattered,dna,diff-1st-year,Junho,Absent,Absent,Absent,Norm,90-100%,No,None,Absent,Absent,absent,no-yellow-halos,gt-1/8,w-s-marg,Abnorm,Yes,Absent,Absent,Norm,lt-normal,Normal,Norm,Absent,Norm,Absent,Norm,fungicida,pot-severe,Absent,Norm,Absent,norm
brown-spot,low-areas,Brown,same-lst-sev-yrs,Julho,Absent,Absent,Present,Norm,lt-80%,Yes,None,Absent,Absent,absent,no-yellow-halos,gt-1/8,w-s-marg,Abnorm,Yes,Absent,Absent,Norm,lt-normal,gt-normal,Norm,Absent,Norm,Absent,Norm,none,pot-severe,Absent,Abnorm,Above-sec-nde,norm
brown-spot,whole-field,tan,same-lst-sev-yrs,Julho,firm-and-dry,Absent,Present,Norm,90-100%,Yes,None,Absent,Absent,absent,no-yellow-halos,gt-1/8,w-s-marg,Abnorm,Yes,Absent,Absent,Norm,Normal,gt-normal,Norm,Absent,Norm,Absent,Norm,Outros,severe,Absent,Abnorm,Absent,norm
brown-spot,upper-areas,Brown,same-lst-two-yrs,Junho,Absent,Absent,Present,Norm,80-89%,Yes,None,Absent,Absent,absent,no-yellow-halos,gt-1/8,w-s-marg,Abnorm,Yes,Absent,Absent,Norm,Normal,gt-normal,Norm,Absent,Norm,Absent,Norm,none,pot-severe,Absent,Abnorm,Above-sec-nde,norm
brown-spot,low-areas,dna,same-lst-sev-yrs,Julho,Absent,Absent,Absent,Norm,90-100%,Yes,None,Absent,Absent,Present,no-yellow-halos,gt-1/8,w-s-marg,Abnorm,Yes,Absent,Absent,Norm,Normal,gt-normal,Norm,Absent,Norm,Absent,Norm,none,pot-severe,Absent,Norm,Absent,norm
brown-spot,low-areas,Brown,same-lst-sev-yrs,Julho,Absent,Absent,Present,Norm,lt-80%,Yes,None,Absent,Absent,Present,no-yellow-halos,gt-1/8,w-s-marg,Abnorm,Yes,Absent,Absent,Norm,lt-normal,gt-normal,Norm,Absent,Norm,Absent,Norm,none,pot-severe,Absent,Abnorm,Above-sec-nde,norm
brown-spot,whole-field,dna,same-lst-sev-yrs,Junho,Absent,Absent,Absent,Norm,lt-80%,Yes,None,Absent,Absent,Present,no-yellow-halos,gt-1/8,w-s-marg,Abnorm,Yes,Absent,Absent,Norm,lt-normal,gt-normal,Norm,Absent,Norm,Absent,Norm,Outros,severe,Absent,Norm,Absent,norm
brown-spot,whole-field,tan,same-lst-sev-yrs,Setembro,firm-and-dry,Absent,Present,Norm,lt-80%,Yes,None,Absent,Absent,absent,no-yellow-halos,gt-1/8,w-s-marg,Abnorm,Yes,Absent,Absent,Norm,lt-normal,gt-normal,Norm,Absent,Norm,Absent,Norm,none,severe,Absent,Abnorm,Absent,norm
bacterial-blight,whole-field,dna,same-lst-sev-yrs,Setembro,Absent,Absent,Absent,Norm,90-100%,No,None,Absent,Absent,Present,no-yellow-halos,lt-1/8,w-s-marg,Abnorm,Yes,Absent,Absent,Norm,Normal,gt-normal,Norm,Absent,Norm,Absent,Norm,fungicida,pot-severe,Absent,Norm,Absent,norm
bacterial-blight,whole-field,dna,same-lst-two-yrs,Agosto,Absent,Absent,Absent,Norm,80-89%,No,None,Absent,Absent,Present,no-yellow-halos,lt-1/8,w-s-marg,Abnorm,Yes,Absent,Absent,Norm,Normal,gt-normal,Norm,Absent,Norm,Absent,Norm,fungicida,pot-severe,Absent,Norm,Absent,gt-norm
bacterial-blight,scattered,dna,diff-1st-year,Junho,Absent,Absent,Absent,Norm,90-100%,Yes,None,Absent,Absent,absent,yellow-halos,lt-1/8,w-s-marg,Abnorm,Yes,Absent,Absent,Norm,Normal,Normal,Norm,Absent,Norm,Absent,Norm,none,Minor,Absent,Norm,Absent,norm
bacterial-blight,upper-areas,dna,same-1st-yr,Julho,Absent,Absent,Absent,Norm,90-100%,Yes,None,Absent,Absent,Present,yellow-halos,lt-1/8,w-s-marg,Abnorm,Yes,Absent,Absent,Norm,Normal,Normal,Norm,Absent,Norm,Absent,Norm,none,Minor,Absent,Norm,Absent,norm
bacterial-blight,upper-areas,dna,same-lst-sev-yrs,Julho,Absent,Absent,Absent,Norm,90-100%,Yes,None,Present,Absent,Present,yellow-halos,lt-1/8,w-s-marg,Abnorm,Yes,Absent,Absent,Norm,Normal,Normal,Norm,Absent,Norm,Absent,Norm,none,Minor,Absent,Norm,Absent,norm
bacterial-blight,low-areas,dna,same-lst-two-yrs,Julho,Absent,Absent,Absent,Norm,90-100%,No,None,Absent,Absent,Present,no-yellow-halos,lt-1/8,w-s-marg,Abnorm,Yes,Absent,Absent,Norm,Normal,gt-normal,Norm,Absent,Norm,Absent,Norm,fungicida,pot-severe,Absent,Norm,Absent,norm
bacterial-blight,scattered,dna,same-1st-yr,Julho,Absent,Absent,Absent,Norm,80-89%,Yes,None,Absent,Absent,Present,yellow-halos,lt-1/8,w-s-marg,Abnorm,Yes,Absent,Absent,Norm,Normal,Normal,Norm,Absent,Norm,Absent,Norm,none,Minor,Absent,Norm,Absent,norm
bacterial-blight,whole-field,dna,diff-1st-year,Agosto,Absent,Absent,Absent,Norm,80-89%,No,None,Absent,Absent,Present,no-yellow-halos,lt-1/8,w-s-marg,Abnorm,Yes,Absent,Absent,Norm,Normal,gt-normal,Norm,Absent,Norm,Absent,Norm,fungicida,pot-severe,Absent,Norm,Absent,norm
bacterial-blight,low-areas,dna,same-lst-sev-yrs,Junho,Absent,Absent,Absent,Norm,90-100%,Yes,None,Absent,Absent,Present,yellow-halos,lt-1/8,w-s-marg,Abnorm,Yes,Absent,Absent,Norm,Normal,Normal,Norm,Absent,Norm,Absent,Norm,none,Minor,Absent,Norm,Absent,norm
bacterial-blight,low-areas,dna,same-lst-two-yrs,Agosto,Absent,Absent,Absent,Norm,lt-80%,No,None,Absent,Absent,Present,no-yellow-halos,lt-1/8,w-s-marg,Abnorm,Yes,Absent,Absent,Norm,lt-normal,gt-normal,Norm,Absent,Norm,Absent,Norm,fungicida,pot-severe,Absent,Norm,Absent,gt-norm
bacterial-pustule,upper-areas,dna,same-lst-two-yrs,Junho,Absent,Absent,Absent,Norm,lt-80%,Yes,None,Absent,Absent,absent,yellow-halos,lt-1/8,no-w-s-marg,Abnorm,Yes,Absent,Absent,Norm,lt-normal,Normal,galls-cysts,Absent,Norm,Absent,Norm,none,Minor,Absent,Norm,Absent,gt-norm
bacterial-pustule,whole-field,dna,same-lst-two-yrs,Julho,Absent,Absent,Absent,Norm,80-89%,No,None,Absent,Absent,Present,no-yellow-halos,lt-1/8,no-w-s-marg,Abnorm,Yes,Present,Absent,Abnorm,Normal,gt-normal,Norm,Absent,Abnorm,Present,Norm,fungicida,pot-severe,Absent,Norm,Absent,lt-norm
bacterial-pustule,scattered,dna,diff-1st-year,Junho,Absent,Absent,Absent,Norm,90-100%,Yes,None,Absent,Absent,absent,yellow-halos,lt-1/8,no-w-s-marg,Abnorm,Yes,Absent,Absent,Norm,Normal,Normal,Norm,Absent,Norm,Absent,Norm,none,Minor,Absent,Norm,Absent,lt-norm
bacterial-pustule,scattered,dna,same-lst-sev-yrs,Agosto,Absent,Absent,Absent,Norm,lt-80%,Yes,None,Present,Absent,Present,yellow-halos,lt-1/8,w-s-marg,Abnorm,Yes,Absent,Absent,Norm,lt-normal,gt-normal,Rotted,Absent,Norm,Absent,lt-norm,none,pot-severe,Absent,Norm,Absent,norm
bacterial-pustule,low-areas,dna,same-1st-yr,Julho,Absent,Absent,Absent,Norm,80-89%,No,None,Absent,Absent,Present,yellow-halos,lt-1/8,no-w-s-marg,Abnorm,Yes,Present,Absent,Norm,Normal,gt-normal,Rotted,Absent,Abnorm,Present,lt-norm,none,pot-severe,Absent,Norm,Absent,norm
bacterial-pustule,scattered,dna,same-lst-two-yrs,Julho,Absent,Absent,Absent,Norm,lt-80%,Yes,None,Absent,Absent,absent,no-yellow-halos,lt-1/8,no-w-s-marg,Abnorm,Yes,Absent,Absent,Norm,lt-normal,Normal,Rotted,Absent,Norm,Absent,Norm,none,Minor,Absent,Norm,Absent,lt-norm
bacterial-pustule,whole-field,dna,same-lst-two-yrs,Julho,Absent,Absent,Absent,Norm,80-89%,No,None,Absent,Absent,Present,yellow-halos,lt-1/8,no-w-s-marg,Abnorm,Yes,Present,Absent,Abnorm,Normal,Normal,Norm,Absent,Abnorm,Present,lt-norm,none,Minor,Absent,Norm,Absent,norm
bacterial-pustule,upper-areas,dna,diff-1st-year,Julho,Absent,Absent,Absent,Norm,lt-80%,Yes,None,Absent,Absent,Present,yellow-halos,lt-1/8,no-w-s-marg,Abnorm,Yes,Absent,Absent,Norm,lt-normal,gt-normal,Rotted,Absent,Norm,Absent,lt-norm,none,pot-severe,Absent,Norm,Absent,norm
bacterial-pustule,whole-field,dna,same-1st-yr,Agosto,Absent,Absent,Absent,Norm,80-89%,No,None,Absent,Absent,Present,yellow-halos,lt-1/8,no-w-s-marg,Abnorm,Yes,Present,Absent,Norm,Normal,Normal,Norm,Absent,Abnorm,Present,lt-norm,none,Minor,Absent,Norm,Absent,norm
bacterial-pustule,scattered,dna,same-lst-two-yrs,Setembro,Absent,Absent,Absent,Norm,lt-80%,Yes,None,Absent,Absent,Present,yellow-halos,lt-1/8,no-w-s-marg,Abnorm,Yes,Absent,Absent,Norm,lt-normal,Normal,Rotted,Absent,Norm,Absent,Norm,fungicida,Minor,Absent,Norm,Absent,norm
purple-seed-stain,upper-areas,tan,same-lst-two-yrs,Outubro,Absent,Colored,Absent,Diseased,90-100%,No,None,Absent,Absent,absent,absent,dna,dna,Norm,No,Absent,Absent,Norm,Normal,gt-normal,Norm,Absent,Abnorm,Present,Norm,none,Minor,Absent,Abnorm,Absent,lt-norm
purple-seed-stain,upper-areas,tan,same-lst-two-yrs,Outubro,Absent,Colored,Absent,Diseased,80-89%,Yes,None,Absent,Absent,absent,no-yellow-halos,lt-1/8,w-s-marg,Abnorm,Yes,Absent,Absent,Norm,Normal,gt-normal,Norm,Absent,Abnorm,Present,Norm,fungicida,Minor,Absent,Abnorm,Absent,lt-norm
purple-seed-stain,low-areas,tan,same-1st-yr,Agosto,Absent,Absent,Absent,Norm,lt-80%,No,None,Absent,Absent,absent,absent,dna,dna,Norm,Yes,Absent,Absent,Norm,Normal,gt-normal,Norm,Absent,Abnorm,Present,Norm,fungicida,Minor,Absent,Norm,Absent,norm
purple-seed-stain,scattered,tan,diff-1st-year,Agosto,Absent,Absent,Absent,Norm,80-89%,No,None,Absent,Absent,absent,no-yellow-halos,lt-1/8,w-s-marg,Abnorm,No,Absent,Absent,Norm,Normal,gt-normal,Norm,Absent,Abnorm,Present,Norm,none,Minor,Absent,Norm,Absent,norm
purple-seed-stain,scattered,tan,diff-1st-year,Agosto,Absent,Absent,Absent,Norm,lt-80%,Yes,None,Absent,Absent,absent,no-yellow-halos,lt-1/8,w-s-marg,Abnorm,Yes,Absent,Absent,Norm,Normal,gt-normal,Norm,Absent,Abnorm,Present,Norm,none,Minor,Absent,Norm,Absent,lt-norm
purple-seed-stain,upper-areas,tan,same-lst-two-yrs,Outubro,Absent,Colored,Absent,Diseased,80-89%,Yes,None,Absent,Absent,absent,no-yellow-halos,lt-1/8,w-s-marg,Abnorm,Yes,Absent,Absent,Norm,Normal,gt-normal,Norm,Absent,Abnorm,Present,Norm,none,Minor,Absent,Abnorm,Absent,gt-norm
purple-seed-stain,scattered,tan,diff-1st-year,Julho,Absent,Absent,Absent,Norm,80-89%,No,None,Absent,Absent,absent,absent,dna,dna,Norm,No,Absent,Absent,Norm,Normal,gt-normal,Norm,Absent,Abnorm,Present,Norm,none,Minor,Absent,Norm,Absent,lt-norm
purple-seed-stain,whole-field,tan,same-lst-sev-yrs,Julho,Absent,Absent,Absent,Norm,80-89%,No,None,Absent,Absent,absent,absent,dna,dna,Norm,Yes,Absent,Absent,Norm,Normal,gt-normal,Norm,Absent,Abnorm,Present,Norm,fungicida,Minor,Absent,Norm,Absent,norm
purple-seed-stain,low-areas,tan,same-1st-yr,Setembro,Absent,Colored,Absent,Diseased,90-100%,Yes,None,Absent,Absent,absent,no-yellow-halos,lt-1/8,w-s-marg,Abnorm,Yes,Absent,Absent,Norm,Normal,gt-normal,Norm,Absent,Abnorm,Present,Norm,none,Minor,Absent,Abnorm,Absent,norm
purple-seed-stain,scattered,tan,diff-1st-year,Agosto,Absent,Absent,Absent,Norm,80-89%,Yes,None,Absent,Absent,absent,absent,dna,dna,Norm,Yes,Absent,Absent,Norm,Normal,gt-normal,Norm,Absent,Abnorm,Present,Norm,fungicida,Minor,Absent,Abnorm,Absent,norm
anthracnose,whole-field,dk-brown-blk,same-lst-sev-yrs,Setembro,Absent,Brown-w/blk-specks,Absent,Diseased,90-100%,Yes,None,Absent,Absent,absent,absent,dna,dna,Norm,Yes,Absent,Absent,Norm,lt-normal,gt-normal,Norm,Absent,Norm,Absent,Norm,fungicida,pot-severe,Absent,Abnorm,Above-sec-nde,norm
anthracnose,upper-areas,Brown,same-lst-two-yrs,Setembro,firm-and-dry,Brown-w/blk-specks,Present,Diseased,lt-80%,No,None,Absent,Absent,absent,absent,dna,dna,Abnorm,Yes,Present,Absent,Norm,lt-normal,gt-normal,Norm,Absent,Abnorm,Present,Norm,fungicida,Minor,Present,Abnorm,Above-sec-nde,gt-norm
anthracnose,low-areas,dk-brown-blk,same-1st-yr,Outubro,Absent,Brown-w/blk-specks,Present,Diseased,80-89%,Yes,None,Absent,Absent,absent,absent,dna,dna,Norm,Yes,Present,Absent,Norm,Normal,gt-normal,Norm,Absent,Abnorm,Absent,lt-norm,fungicida,pot-severe,Present,Abnorm,Above-sec-nde,norm
anthracnose,scattered,Brown,diff-1st-year,Junho,firm-and-dry,Absent,Absent,Norm,90-100%,No,None,Absent,Absent,absent,absent,dna,dna,Abnorm,Yes,Absent,Absent,Abnorm,lt-normal,gt-normal,Norm,Absent,Norm,Absent,Norm,none,pot-severe,Absent,Abnorm,Above-soil,gt-norm
anthracnose,whole-field,dk-brown-blk,same-lst-sev-yrs,Julho,firm-and-dry,Brown-w/blk-specks,Present,Diseased,90-100%,Yes,None,Absent,Absent,absent,absent,dna,dna,Abnorm,Yes,Present,Absent,Abnorm,Normal,gt-normal,Norm,Absent,Abnorm,Present,Norm,none,pot-severe,Absent,Abnorm,Above-sec-nde,norm
anthracnose,upper-areas,Brown,same-lst-two-yrs,Agosto,firm-and-dry,Brown-w/blk-specks,Present,Diseased,80-89%,No,None,Absent,Absent,absent,absent,dna,dna,Abnorm,Yes,Absent,Absent,Abnorm,lt-normal,gt-normal,Norm,Absent,Norm,Absent,Norm,none,pot-severe,Absent,Abnorm,Above-sec-nde,gt-norm
anthracnose,upper-areas,dk-brown-blk,same-lst-two-yrs,Outubro,Absent,Brown-w/blk-specks,Present,Diseased,80-89%,Yes,None,Absent,Absent,absent,absent,dna,dna,Norm,Yes,Present,Absent,Norm,Normal,gt-normal,Norm,Absent,Abnorm,Absent,lt-norm,none,pot-severe,Present,Abnorm,Above-sec-nde,norm
anthracnose,low-areas,dk-brown-blk,same-1st-yr,Maio,firm-and-dry,Absent,Absent,Norm,80-89%,Yes,None,Absent,Absent,absent,absent,dna,dna,Abnorm,Yes,Absent,Absent,Abnorm,Normal,gt-normal,Norm,Absent,Abnorm,Present,Norm,fungicida,pot-severe,Absent,Abnorm,Above-soil,norm
anthracnose,upper-areas,dk-brown-blk,same-lst-two-yrs,Outubro,Absent,Brown-w/blk-specks,Present,Diseased,80-89%,Yes,None,Absent,Absent,absent,absent,dna,dna,Norm,Yes,Present,Absent,Norm,lt-normal,gt-normal,Norm,Absent,Abnorm,Absent,lt-norm,fungicida,pot-severe,Present,Abnorm,Above-sec-nde,norm
anthracnose,low-areas,dk-brown-blk,same-1st-yr,Setembro,firm-and-dry,Brown-w/blk-specks,Present,Diseased,lt-80%,Yes,None,Absent,Absent,absent,absent,dna,dna,Abnorm,Yes,Present,Absent,Abnorm,Normal,gt-normal,Norm,Absent,Abnorm,Present,Norm,Outros,pot-severe,Absent,Abnorm,Above-sec-nde,norm
anthracnose,whole-field,dk-brown-blk,same-lst-sev-yrs,Setembro,firm-and-dry,Brown-w/blk-specks,Present,Diseased,lt-80%,No,None,Absent,Absent,absent,absent,dna,dna,Abnorm,No,Absent,Absent,Abnorm,lt-normal,gt-normal,Norm,Absent,Norm,Absent,Norm,fungicida,Minor,Absent,Abnorm,Above-sec-nde,gt-norm
anthracnose,whole-field,dk-brown-blk,same-lst-sev-yrs,Abril,firm-and-dry,Absent,Absent,Norm,lt-80%,Yes,None,Absent,Absent,absent,absent,dna,dna,Abnorm,Yes,Present,Absent,Abnorm,Normal,gt-normal,Norm,Absent,Abnorm,Absent,lt-norm,fungicida,pot-severe,Absent,Abnorm,Above-soil,norm
anthracnose,upper-areas,Brown,same-lst-two-yrs,Outubro,firm-and-dry,Brown-w/blk-specks,Present,Diseased,90-100%,Yes,None,Absent,Absent,absent,absent,dna,dna,Abnorm,Yes,Absent,Absent,Abnorm,Normal,gt-normal,Norm,Absent,Abnorm,Present,lt-norm,none,Minor,Present,Abnorm,Above-sec-nde,norm
anthracnose,low-areas,dk-brown-blk,same-1st-yr,Setembro,Absent,Brown-w/blk-specks,Absent,Diseased,80-89%,Yes,None,Absent,Absent,absent,absent,dna,dna,Norm,Yes,Present,Absent,Norm,lt-normal,gt-normal,Norm,Absent,Abnorm,Absent,lt-norm,none,pot-severe,Present,Abnorm,Above-sec-nde,norm
anthracnose,upper-areas,dk-brown-blk,same-lst-two-yrs,Setembro,Absent,Brown-w/blk-specks,Present,Diseased,lt-80%,Yes,None,Absent,Absent,absent,absent,dna,dna,Norm,Yes,Absent,Absent,Norm,Normal,gt-normal,Norm,Absent,Norm,Absent,Norm,none,pot-severe,Absent,Abnorm,Above-sec-nde,norm
anthracnose,scattered,Brown,diff-1st-year,Outubro,firm-and-dry,Brown-w/blk-specks,Present,Diseased,80-89%,No,None,Absent,Absent,absent,absent,dna,dna,Abnorm,Yes,Absent,Absent,Norm,lt-normal,gt-normal,Norm,Absent,Norm,Absent,Norm,none,pot-severe,Absent,Abnorm,Above-sec-nde,gt-norm
anthracnose,low-areas,dk-brown-blk,same-1st-yr,Setembro,Absent,Brown-w/blk-specks,Present,Diseased,90-100%,Yes,None,Absent,Absent,absent,absent,dna,dna,Norm,Yes,Present,Absent,Norm,Normal,gt-normal,Norm,Absent,Abnorm,Absent,lt-norm,none,pot-severe,Present,Abnorm,Above-sec-nde,norm
anthracnose,whole-field,dk-brown-blk,same-lst-sev-yrs,Outubro,firm-and-dry,Brown-w/blk-specks,Present,Diseased,80-89%,No,None,Absent,Absent,absent,absent,dna,dna,Abnorm,No,Absent,Absent,Norm,lt-normal,gt-normal,Norm,Absent,Norm,Absent,Norm,Outros,Minor,Absent,Abnorm,Above-sec-nde,gt-norm
anthracnose,whole-field,dk-brown-blk,same-lst-sev-yrs,Setembro,Absent,Brown-w/blk-specks,Absent,Diseased,80-89%,Yes,None,Absent,Absent,absent,absent,dna,dna,Norm,Yes,Present,Absent,Norm,lt-normal,gt-normal,Norm,Absent,Abnorm,Absent,lt-norm,none,pot-severe,Present,Abnorm,Above-sec-nde,norm
anthracnose,upper-areas,dk-brown-blk,same-lst-two-yrs,Setembro,Absent,Brown-w/blk-specks,Absent,Diseased,80-89%,Yes,None,Absent,Absent,absent,absent,dna,dna,Norm,Yes,Present,Absent,Norm,lt-normal,gt-normal,Norm,Absent,Abnorm,Absent,lt-norm,fungicida,pot-severe,Present,Abnorm,Above-sec-nde,norm
phyllosticta-leaf-spot,upper-areas,dna,diff-1st-year,Julho,Absent,Absent,Absent,Norm,lt-80%,Yes,None,Absent,Absent,absent,no-yellow-halos,gt-1/8,w-s-marg,Abnorm,Yes,Absent,Absent,Norm,lt-normal,Normal,Norm,Absent,Norm,Absent,Norm,none,Minor,Absent,Norm,Absent,norm
phyllosticta-leaf-spot,upper-areas,dna,diff-1st-year,Julho,Absent,Absent,Absent,Norm,80-89%,No,None,Present,Absent,absent,no-yellow-halos,gt-1/8,w-s-marg,Abnorm,Yes,Absent,Absent,Norm,Normal,lt-normal,Norm,Absent,Norm,Absent,Norm,none,Minor,Absent,Norm,Absent,norm
phyllosticta-leaf-spot,scattered,dna,diff-1st-year,Julho,Absent,Absent,Absent,Norm,90-100%,Yes,None,Absent,Absent,absent,no-yellow-halos,gt-1/8,w-s-marg,Abnorm,Yes,Absent,Absent,Norm,lt-normal,Normal,Norm,Absent,Norm,Absent,Norm,none,Minor,Absent,Norm,Absent,norm
phyllosticta-leaf-spot,scattered,dna,same-lst-two-yrs,Julho,Absent,Absent,Absent,Norm,90-100%,No,None,Absent,Absent,absent,no-yellow-halos,gt-1/8,w-s-marg,Abnorm,Yes,Absent,Absent,Norm,Normal,lt-normal,Norm,Absent,Norm,Absent,Norm,none,Minor,Absent,Norm,Absent,norm
phyllosticta-leaf-spot,upper-areas,dna,same-lst-sev-yrs,Julho,Absent,Absent,Absent,Norm,80-89%,Yes,None,Present,Absent,Present,no-yellow-halos,gt-1/8,w-s-marg,Abnorm,Yes,Absent,Absent,Norm,lt-normal,Normal,Norm,Absent,Norm,Absent,Norm,fungicida,Minor,Absent,Norm,Absent,gt-norm
phyllosticta-leaf-spot,whole-field,dna,diff-1st-year,Junho,Absent,Absent,Absent,Norm,lt-80%,No,None,Absent,Absent,absent,no-yellow-halos,gt-1/8,w-s-marg,Abnorm,Yes,Absent,Absent,Norm,Normal,lt-normal,Norm,Absent,Norm,Absent,Norm,Outros,Minor,Absent,Norm,Absent,norm
phyllosticta-leaf-spot,upper-areas,dna,same-lst-sev-yrs,Maio,Absent,Absent,Absent,Norm,80-89%,No,None,Present,Absent,Present,no-yellow-halos,gt-1/8,w-s-marg,Abnorm,Yes,Absent,Absent,Norm,Normal,lt-normal,Norm,Absent,Norm,Absent,Norm,fungicida,pot-severe,Absent,Norm,Absent,gt-norm
phyllosticta-leaf-spot,upper-areas,dna,same-lst-two-yrs,Junho,Absent,Absent,Absent,Norm,80-89%,Yes,None,Present,Absent,absent,no-yellow-halos,gt-1/8,w-s-marg,Abnorm,Yes,Absent,Absent,Norm,lt-normal,Normal,Norm,Absent,Norm,Absent,Norm,fungicida,pot-severe,Absent,Norm,Absent,norm
phyllosticta-leaf-spot,scattered,dna,same-lst-sev-yrs,Junho,Absent,Absent,Absent,Norm,90-100%,No,None,Absent,Absent,Present,no-yellow-halos,gt-1/8,w-s-marg,Abnorm,Yes,Absent,Absent,Abnorm,Normal,lt-normal,Norm,Absent,Norm,Absent,Norm,fungicida,pot-severe,Absent,Norm,Absent,gt-norm
phyllosticta-leaf-spot,whole-field,dna,same-lst-sev-yrs,Junho,Absent,Absent,Absent,Norm,lt-80%,Yes,None,Absent,Absent,Present,no-yellow-halos,gt-1/8,w-s-marg,Abnorm,Yes,Absent,Absent,Norm,lt-normal,Normal,Norm,Absent,Norm,Absent,Norm,Outros,Minor,Absent,Norm,Absent,gt-norm
alternarialeaf-spot,low-areas,dna,same-1st-yr,Agosto,Absent,Absent,Absent,Norm,lt-80%,Yes,None,Absent,Absent,absent,no-yellow-halos,gt-1/8,w-s-marg,Abnorm,Yes,Absent,Absent,Norm,lt-normal,gt-normal,Norm,Absent,Norm,Absent,Norm,fungicida,pot-severe,Absent,Norm,Absent,norm
alternarialeaf-spot,whole-field,dna,same-lst-sev-yrs,Agosto,Absent,Absent,Absent,Norm,80-89%,Yes,None,Absent,Absent,absent,no-yellow-halos,gt-1/8,w-s-marg,Abnorm,Yes,Absent,Absent,Norm,Normal,Normal,Norm,Absent,Norm,Absent,Norm,none,pot-severe,Absent,Norm,Absent,norm
alternarialeaf-spot,scattered,dna,diff-1st-year,Julho,Absent,Absent,Absent,Norm,80-89%,Yes,None,Absent,Absent,absent,no-yellow-halos,gt-1/8,w-s-marg,Abnorm,Yes,Absent,Absent,Norm,Normal,gt-normal,Norm,Absent,Norm,Absent,Norm,none,pot-severe,Absent,Norm,Absent,norm
alternarialeaf-spot,whole-field,dna,same-lst-sev-yrs,Outubro,Absent,Absent,Absent,Norm,80-89%,Yes,None,Absent,Absent,absent,no-yellow-halos,gt-1/8,w-s-marg,Abnorm,Yes,Absent,Absent,Norm,Normal,gt-normal,Norm,Absent,Norm,Absent,Norm,fungicida,Minor,Absent,Norm,Absent,gt-norm
alternarialeaf-spot,upper-areas,dna,same-lst-two-yrs,Outubro,Absent,Absent,Absent,Norm,lt-80%,No,None,Absent,Absent,absent,no-yellow-halos,gt-1/8,w-s-marg,Abnorm,Yes,Absent,Absent,Norm,Normal,Normal,Norm,Absent,Abnorm,Present,Norm,Outros,Minor,Absent,Norm,Absent,norm
alternarialeaf-spot,whole-field,dna,same-lst-sev-yrs,Setembro,Absent,Absent,Absent,Norm,80-89%,Yes,None,Absent,Absent,absent,no-yellow-halos,gt-1/8,w-s-marg,Abnorm,Yes,Absent,Absent,Norm,Normal,gt-normal,Norm,Absent,Norm,Absent,Norm,none,pot-severe,Absent,Norm,Absent,gt-norm
alternarialeaf-spot,whole-field,dna,same-lst-sev-yrs,Outubro,Absent,Absent,Absent,Norm,80-89%,Yes,None,Absent,Absent,absent,no-yellow-halos,gt-1/8,w-s-marg,Abnorm,Yes,Absent,Absent,Norm,Normal,Normal,Norm,Absent,Norm,Absent,Norm,fungicida,Minor,Absent,Norm,Absent,norm
alternarialeaf-spot,low-areas,dna,same-lst-sev-yrs,Setembro,Absent,Absent,Absent,Norm,lt-80%,Yes,None,Absent,Absent,absent,no-yellow-halos,gt-1/8,w-s-marg,Abnorm,Yes,Absent,Absent,Norm,lt-normal,gt-normal,Norm,Absent,Norm,Absent,Norm,none,Minor,Absent,Norm,Absent,gt-norm
alternarialeaf-spot,whole-field,dna,same-lst-sev-yrs,Outubro,Absent,Absent,Absent,Norm,80-89%,Yes,None,Absent,Absent,absent,no-yellow-halos,gt-1/8,w-s-marg,Abnorm,Yes,Absent,Absent,Norm,Normal,gt-normal,Norm,Absent,Norm,Absent,Norm,fungicida,Minor,Absent,Norm,Absent,gt-norm
alternarialeaf-spot,upper-areas,dna,same-lst-sev-yrs,Outubro,Absent,Absent,Absent,Norm,90-100%,Yes,None,Absent,Absent,absent,no-yellow-halos,gt-1/8,w-s-marg,Abnorm,Yes,Absent,Absent,Norm,Normal,gt-normal,Norm,Absent,Norm,Absent,Norm,fungicida,pot-severe,Absent,Norm,Absent,gt-norm
alternarialeaf-spot,whole-field,dna,same-lst-two-yrs,Setembro,Absent,Absent,Absent,Norm,80-89%,Yes,None,Absent,Absent,absent,no-yellow-halos,gt-1/8,w-s-marg,Abnorm,Yes,Absent,Absent,Norm,Normal,gt-normal,Norm,Absent,Norm,Absent,Norm,none,Minor,Absent,Norm,Absent,gt-norm
alternarialeaf-spot,scattered,dna,same-lst-sev-yrs,Agosto,Absent,Absent,Absent,Norm,lt-80%,Yes,None,Absent,Absent,absent,no-yellow-halos,gt-1/8,w-s-marg,Abnorm,Yes,Absent,Absent,Norm,lt-normal,gt-normal,Norm,Absent,Norm,Absent,Norm,fungicida,pot-severe,Absent,Norm,Absent,norm
alternarialeaf-spot,low-areas,dna,same-1st-yr,Outubro,Absent,Absent,Absent,Norm,90-100%,Yes,None,Absent,Absent,Present,no-yellow-halos,gt-1/8,w-s-marg,Abnorm,Yes,Absent,Absent,Norm,Normal,gt-normal,Norm,Absent,Norm,Absent,Norm,fungicida,Minor,Absent,Norm,Absent,norm
alternarialeaf-spot,upper-areas,dna,same-lst-two-yrs,Setembro,Absent,Absent,Absent,Norm,90-100%,Yes,None,Absent,Absent,absent,no-yellow-halos,gt-1/8,w-s-marg,Abnorm,Yes,Absent,Absent,Norm,Normal,gt-normal,Norm,Absent,Norm,Absent,Norm,none,pot-severe,Absent,Norm,Absent,gt-norm
alternarialeaf-spot,scattered,dna,diff-1st-year,Setembro,Absent,Absent,Absent,Norm,lt-80%,Yes,None,Absent,Absent,absent,no-yellow-halos,gt-1/8,w-s-marg,Abnorm,Yes,Absent,Absent,Norm,lt-normal,gt-normal,Norm,Absent,Norm,Absent,Norm,none,Minor,Absent,Norm,Absent,norm
alternarialeaf-spot,upper-areas,dna,same-lst-two-yrs,Agosto,Absent,Absent,Absent,Norm,80-89%,Yes,None,Absent,Absent,absent,no-yellow-halos,gt-1/8,w-s-marg,Abnorm,Yes,Absent,Absent,Norm,Normal,gt-normal,Norm,Absent,Norm,Absent,Norm,none,Minor,Absent,Norm,Absent,norm
alternarialeaf-spot,low-areas,dna,same-1st-yr,Agosto,Absent,Absent,Absent,Norm,80-89%,Yes,None,Absent,Absent,Present,no-yellow-halos,gt-1/8,w-s-marg,Abnorm,Yes,Absent,Absent,Norm,Normal,gt-normal,Norm,Absent,Norm,Absent,Norm,fungicida,pot-severe,Absent,Norm,Absent,norm
alternarialeaf-spot,low-areas,dna,same-lst-two-yrs,Setembro,Absent,Absent,Absent,Norm,90-100%,Yes,None,Absent,Absent,absent,no-yellow-halos,gt-1/8,w-s-marg,Abnorm,Yes,Absent,Absent,Norm,Normal,gt-normal,Norm,Absent,Norm,Absent,Norm,none,Minor,Absent,Norm,Absent,norm
alternarialeaf-spot,upper-areas,dna,same-lst-sev-yrs,Outubro,Absent,Absent,Absent,Norm,90-100%,Yes,None,Absent,Absent,absent,no-yellow-halos,gt-1/8,w-s-marg,Abnorm,Yes,Absent,Absent,Norm,Normal,gt-normal,Norm,Absent,Norm,Absent,Norm,fungicida,Minor,Absent,Norm,Absent,gt-norm
alternarialeaf-spot,low-areas,dna,same-1st-yr,Outubro,Absent,Absent,Absent,Norm,lt-80%,Yes,None,Absent,Absent,absent,no-yellow-halos,gt-1/8,w-s-marg,Abnorm,Yes,Absent,Absent,Norm,lt-normal,gt-normal,Norm,Absent,Norm,Absent,Norm,fungicida,Minor,Absent,Norm,Absent,gt-norm
alternarialeaf-spot,low-areas,dna,same-lst-sev-yrs,Setembro,Absent,Absent,Absent,Norm,lt-80%,Yes,None,Absent,Absent,absent,no-yellow-halos,gt-1/8,w-s-marg,Abnorm,Yes,Absent,Absent,Norm,lt-normal,gt-normal,Norm,Absent,Norm,Absent,Norm,none,pot-severe,Absent,Norm,Absent,gt-norm
alternarialeaf-spot,whole-field,dna,same-lst-sev-yrs,Setembro,Absent,Absent,Absent,Norm,80-89%,Yes,None,Absent,Absent,absent,no-yellow-halos,gt-1/8,w-s-marg,Abnorm,Yes,Absent,Absent,Norm,lt-normal,gt-normal,Norm,Absent,Norm,Absent,Norm,fungicida,pot-severe,Absent,Norm,Absent,gt-norm
alternarialeaf-spot,low-areas,dna,same-lst-two-yrs,Agosto,Absent,Absent,Absent,Norm,lt-80%,Yes,None,Absent,Absent,Present,no-yellow-halos,gt-1/8,w-s-marg,Abnorm,Yes,Absent,Absent,Norm,lt-normal,gt-normal,Norm,Absent,Norm,Absent,Norm,none,Minor,Absent,Norm,Absent,norm
alternarialeaf-spot,upper-areas,dna,same-lst-two-yrs,Outubro,Absent,Absent,Absent,Norm,90-100%,Yes,None,Absent,Absent,absent,no-yellow-halos,gt-1/8,w-s-marg,Abnorm,Yes,Absent,Absent,Norm,lt-normal,Normal,Norm,Absent,Abnorm,Present,Norm,Outros,Minor,Absent,Norm,Absent,gt-norm
alternarialeaf-spot,upper-areas,dna,same-1st-yr,Agosto,Absent,Absent,Absent,Norm,lt-80%,Yes,None,Absent,Absent,absent,no-yellow-halos,gt-1/8,w-s-marg,Abnorm,Yes,Absent,Absent,Norm,lt-normal,gt-normal,Norm,Absent,Norm,Absent,Norm,fungicida,pot-severe,Absent,Norm,Absent,norm
alternarialeaf-spot,low-areas,dna,same-lst-two-yrs,Outubro,Absent,Absent,Absent,Norm,lt-80%,Yes,None,Absent,Absent,absent,no-yellow-halos,gt-1/8,w-s-marg,Abnorm,Yes,Absent,Absent,Norm,lt-normal,gt-normal,Norm,Absent,Norm,Absent,Norm,fungicida,Minor,Absent,Norm,Absent,gt-norm
alternarialeaf-spot,whole-field,dna,diff-1st-year,Agosto,Absent,Absent,Absent,Norm,lt-80%,Yes,None,Absent,Absent,absent,no-yellow-halos,gt-1/8,w-s-marg,Abnorm,Yes,Absent,Absent,Norm,lt-normal,gt-normal,Norm,Absent,Norm,Absent,Norm,none,Minor,Absent,Norm,Absent,norm
alternarialeaf-spot,whole-field,dna,same-lst-sev-yrs,Agosto,Absent,Absent,Absent,Norm,90-100%,Yes,None,Absent,Absent,absent,no-yellow-halos,gt-1/8,w-s-marg,Abnorm,Yes,Absent,Absent,Norm,Normal,gt-normal,Norm,Absent,Norm,Absent,Norm,none,pot-severe,Absent,Norm,Absent,gt-norm
alternarialeaf-spot,whole-field,dna,same-lst-two-yrs,Setembro,Absent,Absent,Absent,Norm,80-89%,Yes,None,Absent,Absent,absent,no-yellow-halos,gt-1/8,w-s-marg,Abnorm,Yes,Absent,Absent,Norm,Normal,gt-normal,Norm,Absent,Norm,Absent,Norm,none,pot-severe,Absent,Norm,Absent,gt-norm
alternarialeaf-spot,scattered,dna,diff-1st-year,Julho,Absent,Absent,Absent,Norm,90-100%,Yes,None,Absent,Absent,absent,no-yellow-halos,gt-1/8,w-s-marg,Abnorm,Yes,Absent,Absent,Norm,Normal,gt-normal,Norm,Absent,Norm,Absent,Norm,none,pot-severe,Absent,Norm,Absent,norm
alternarialeaf-spot,upper-areas,dna,same-1st-yr,Setembro,Absent,Absent,Absent,Norm,90-100%,Yes,None,Absent,Absent,Present,no-yellow-halos,gt-1/8,w-s-marg,Abnorm,Yes,Absent,Absent,Norm,Normal,gt-normal,Norm,Absent,Norm,Absent,Norm,fungicida,Minor,Absent,Norm,Absent,norm
alternarialeaf-spot,low-areas,dna,same-1st-yr,Setembro,Absent,Absent,Absent,Norm,80-89%,Yes,None,Absent,Absent,absent,no-yellow-halos,gt-1/8,w-s-marg,Abnorm,Yes,Absent,Absent,Norm,Normal,gt-normal,Norm,Absent,Norm,Absent,Norm,fungicida,Minor,Absent,Norm,Absent,gt-norm
alternarialeaf-spot,low-areas,dna,same-1st-yr,Agosto,Absent,Absent,Absent,Norm,lt-80%,Yes,None,Absent,Absent,absent,no-yellow-halos,gt-1/8,w-s-marg,Abnorm,Yes,Absent,Absent,Norm,Normal,gt-normal,Norm,Absent,Norm,Absent,Norm,none,pot-severe,Absent,Norm,Absent,gt-norm
alternarialeaf-spot,whole-field,dna,same-lst-sev-yrs,Setembro,Absent,Absent,Absent,Norm,lt-80%,Yes,None,Absent,Absent,Present,no-yellow-halos,gt-1/8,w-s-marg,Abnorm,Yes,Absent,Absent,Norm,lt-normal,gt-normal,Norm,Absent,Norm,Absent,Norm,fungicida,Minor,Absent,Norm,Absent,norm
alternarialeaf-spot,low-areas,dna,same-lst-two-yrs,Outubro,Absent,Absent,Absent,Norm,80-89%,Yes,None,Absent,Absent,Present,no-yellow-halos,gt-1/8,w-s-marg,Abnorm,Yes,Absent,Absent,Norm,Normal,gt-normal,Norm,Absent,Norm,Absent,Norm,none,Minor,Absent,Norm,Absent,norm
alternarialeaf-spot,whole-field,dna,diff-1st-year,Setembro,Absent,Absent,Absent,Norm,90-100%,Yes,None,Absent,Absent,absent,no-yellow-halos,gt-1/8,w-s-marg,Abnorm,Yes,Absent,Absent,Norm,Normal,gt-normal,Norm,Absent,Norm,Absent,Norm,none,Minor,Absent,Norm,Absent,norm
alternarialeaf-spot,whole-field,dna,diff-1st-year,Outubro,Absent,Absent,Absent,Norm,80-89%,Yes,None,Absent,Absent,absent,no-yellow-halos,gt-1/8,w-s-marg,Abnorm,Yes,Absent,Absent,Norm,Normal,gt-normal,Norm,Absent,Norm,Absent,Norm,none,Minor,Absent,Norm,Absent,norm
alternarialeaf-spot,low-areas,dna,same-lst-two-yrs,Setembro,Absent,Absent,Absent,Norm,lt-80%,Yes,None,Absent,Absent,absent,no-yellow-halos,gt-1/8,w-s-marg,Abnorm,Yes,Absent,Absent,Norm,lt-normal,gt-normal,Norm,Absent,Norm,Absent,Norm,none,pot-severe,Absent,Norm,Absent,gt-norm
alternarialeaf-spot,scattered,dna,same-lst-sev-yrs,Setembro,Absent,Absent,Absent,Norm,90-100%,Yes,None,Absent,Absent,Present,no-yellow-halos,gt-1/8,w-s-marg,Abnorm,Yes,Absent,Absent,Norm,Normal,gt-normal,Norm,Absent,Norm,Absent,Norm,fungicida,Minor,Absent,Norm,Absent,norm
alternarialeaf-spot,upper-areas,dna,same-1st-yr,Outubro,Absent,Absent,Absent,Norm,80-89%,Yes,None,Absent,Absent,Present,no-yellow-halos,gt-1/8,w-s-marg,Abnorm,Yes,Absent,Absent,Norm,Normal,gt-normal,Norm,Absent,Norm,Absent,Norm,fungicida,Minor,Absent,Norm,Absent,norm
frog-eye-leaf-spot,whole-field,dk-brown-blk,same-lst-sev-yrs,Outubro,firm-and-dry,Brown-w/blk-specks,Present,Diseased,90-100%,Yes,None,Absent,Absent,absent,no-yellow-halos,gt-1/8,w-s-marg,Abnorm,Yes,Absent,Absent,Norm,Normal,Normal,Norm,Absent,Abnorm,Absent,Norm,none,Minor,Absent,Abnorm,Above-sec-nde,gt-norm
frog-eye-leaf-spot,low-areas,dna,same-1st-yr,Agosto,Absent,Absent,Absent,Norm,80-89%,Yes,None,Absent,Absent,absent,no-yellow-halos,gt-1/8,w-s-marg,Abnorm,Yes,Absent,Absent,Norm,Normal,Normal,Norm,Absent,Norm,Absent,Norm,fungicida,Minor,Absent,Norm,Absent,gt-norm
frog-eye-leaf-spot,low-areas,Brown,same-lst-two-yrs,Setembro,firm-and-dry,Absent,Absent,Norm,90-100%,Yes,None,Absent,Absent,absent,no-yellow-halos,gt-1/8,w-s-marg,Abnorm,Yes,Absent,Absent,Norm,Normal,Normal,Norm,Absent,Norm,Absent,Norm,none,Minor,Absent,Abnorm,Above-sec-nde,norm
frog-eye-leaf-spot,upper-areas,dna,same-lst-sev-yrs,Setembro,Absent,Absent,Absent,Norm,lt-80%,Yes,None,Absent,Absent,absent,no-yellow-halos,gt-1/8,w-s-marg,Abnorm,Yes,Absent,Absent,Norm,lt-normal,gt-normal,Norm,Absent,Norm,Absent,Norm,none,Minor,Absent,Norm,Absent,norm
frog-eye-leaf-spot,whole-field,dk-brown-blk,same-lst-sev-yrs,Outubro,firm-and-dry,Colored,Absent,Diseased,lt-80%,Yes,None,Absent,Absent,absent,no-yellow-halos,gt-1/8,w-s-marg,Abnorm,Yes,Absent,Absent,Norm,lt-normal,gt-normal,Norm,Absent,Norm,Absent,Norm,fungicida,Minor,Absent,Abnorm,Above-sec-nde,gt-norm
frog-eye-leaf-spot,whole-field,dna,same-lst-sev-yrs,Agosto,Absent,Absent,Absent,Norm,90-100%,Yes,None,Absent,Absent,absent,no-yellow-halos,gt-1/8,w-s-marg,Abnorm,Yes,Absent,Absent,Norm,Normal,Normal,Norm,Absent,Norm,Absent,Norm,fungicida,pot-severe,Absent,Norm,Absent,norm
frog-eye-leaf-spot,whole-field,dk-brown-blk,same-lst-two-yrs,Julho,firm-and-dry,Colored,Absent,Diseased,80-89%,Yes,None,Absent,Absent,absent,no-yellow-halos,gt-1/8,w-s-marg,Abnorm,Yes,Absent,Absent,Norm,Normal,gt-normal,Norm,Absent,Norm,Absent,Norm,fungicida,Minor,Absent,Abnorm,Above-sec-nde,norm
frog-eye-leaf-spot,upper-areas,dk-brown-blk,same-lst-two-yrs,Setembro,firm-and-dry,Colored,Absent,Diseased,80-89%,Yes,None,Absent,Absent,absent,no-yellow-halos,gt-1/8,w-s-marg,Abnorm,Yes,Absent,Absent,Norm,Normal,gt-normal,Norm,Absent,Norm,Absent,Norm,none,Minor,Absent,Abnorm,Above-sec-nde,gt-norm
frog-eye-leaf-spot,low-areas,dna,same-1st-yr,Setembro,Absent,Absent,Absent,Norm,90-100%,Yes,None,Absent,Absent,absent,no-yellow-halos,gt-1/8,w-s-marg,Abnorm,Yes,Absent,Absent,Norm,Normal,gt-normal,Norm,Absent,Norm,Absent,Norm,fungicida,pot-severe,Absent,Norm,Absent,norm
frog-eye-leaf-spot,whole-field,dk-brown-blk,same-lst-two-yrs,Setembro,firm-and-dry,Colored,Absent,Diseased,80-89%,Yes,None,Absent,Absent,absent,no-yellow-halos,gt-1/8,w-s-marg,Abnorm,Yes,Absent,Absent,Norm,Normal,gt-normal,Norm,Absent,Norm,Absent,Norm,fungicida,Minor,Absent,Abnorm,Above-sec-nde,gt-norm
frog-eye-leaf-spot,low-areas,dk-brown-blk,diff-1st-year,Setembro,firm-and-dry,Colored,Absent,Diseased,80-89%,Yes,None,Absent,Absent,absent,no-yellow-halos,gt-1/8,w-s-marg,Abnorm,Yes,Absent,Absent,Norm,Normal,gt-normal,Norm,Absent,Norm,Absent,Norm,fungicida,Minor,Absent,Abnorm,Above-sec-nde,norm
frog-eye-leaf-spot,whole-field,dna,same-lst-two-yrs,Agosto,Absent,Absent,Absent,Norm,90-100%,Yes,None,Absent,Absent,absent,no-yellow-halos,gt-1/8,w-s-marg,Abnorm,Yes,Absent,Absent,Norm,Normal,gt-normal,Norm,Absent,Norm,Absent,Norm,fungicida,Minor,Absent,Norm,Absent,norm
frog-eye-leaf-spot,low-areas,dk-brown-blk,same-1st-yr,Agosto,firm-and-dry,Colored,Absent,Diseased,90-100%,Yes,None,Absent,Absent,absent,no-yellow-halos,gt-1/8,w-s-marg,Abnorm,Yes,Absent,Absent,Norm,Normal,gt-normal,Norm,Absent,Norm,Absent,Norm,fungicida,pot-severe,Absent,Abnorm,Above-sec-nde,gt-norm
frog-eye-leaf-spot,low-areas,Brown,same-lst-two-yrs,Agosto,firm-and-dry,Colored,Absent,Diseased,80-89%,Yes,None,Absent,Absent,absent,no-yellow-halos,gt-1/8,w-s-marg,Abnorm,Yes,Absent,Absent,Norm,Normal,gt-normal,Norm,Absent,Norm,Absent,Norm,fungicida,pot-severe,Absent,Abnorm,Above-sec-nde,norm
frog-eye-leaf-spot,upper-areas,dk-brown-blk,same-lst-sev-yrs,Julho,firm-and-dry,Colored,Absent,Diseased,lt-80%,Yes,None,Absent,Absent,absent,no-yellow-halos,gt-1/8,w-s-marg,Abnorm,Yes,Absent,Absent,Norm,lt-normal,gt-normal,Norm,Absent,Norm,Absent,Norm,none,pot-severe,Absent,Abnorm,Above-sec-nde,norm
frog-eye-leaf-spot,scattered,Brown,same-lst-sev-yrs,Setembro,firm-and-dry,Colored,Absent,Diseased,80-89%,Yes,None,Absent,Absent,absent,no-yellow-halos,gt-1/8,w-s-marg,Abnorm,Yes,Absent,Absent,Norm,Normal,gt-normal,Norm,Absent,Norm,Absent,Norm,none,pot-severe,Absent,Abnorm,Above-sec-nde,norm
frog-eye-leaf-spot,low-areas,dk-brown-blk,same-1st-yr,Setembro,firm-and-dry,Colored,Absent,Diseased,90-100%,Yes,None,Absent,Absent,absent,no-yellow-halos,gt-1/8,w-s-marg,Abnorm,Yes,Absent,Absent,Norm,Normal,gt-normal,Norm,Absent,Norm,Absent,Norm,fungicida,Minor,Absent,Abnorm,Above-sec-nde,gt-norm
frog-eye-leaf-spot,upper-areas,dk-brown-blk,same-1st-yr,Agosto,firm-and-dry,Colored,Absent,Diseased,90-100%,Yes,None,Absent,Absent,absent,no-yellow-halos,gt-1/8,w-s-marg,Abnorm,Yes,Absent,Absent,Norm,Normal,gt-normal,Norm,Absent,Norm,Absent,Norm,none,pot-severe,Absent,Abnorm,Above-sec-nde,gt-norm
frog-eye-leaf-spot,low-areas,dk-brown-blk,same-lst-two-yrs,Setembro,firm-and-dry,Colored,Absent,Diseased,80-89%,Yes,None,Absent,Absent,absent,no-yellow-halos,gt-1/8,w-s-marg,Abnorm,Yes,Absent,Absent,Norm,Normal,gt-normal,Norm,Absent,Norm,Absent,Norm,fungicida,Minor,Absent,Abnorm,Above-sec-nde,gt-norm
frog-eye-leaf-spot,scattered,Brown,same-lst-sev-yrs,Setembro,firm-and-dry,Colored,Absent,Diseased,90-100%,Yes,None,Absent,Absent,absent,no-yellow-halos,gt-1/8,w-s-marg,Abnorm,Yes,Absent,Absent,Norm,Normal,gt-normal,Norm,Absent,Norm,Absent,Norm,none,pot-severe,Absent,Abnorm,Above-sec-nde,norm
frog-eye-leaf-spot,upper-areas,dna,same-1st-yr,Julho,Absent,Absent,Absent,Norm,80-89%,Yes,None,Absent,Absent,absent,no-yellow-halos,gt-1/8,w-s-marg,Abnorm,Yes,Absent,Absent,Norm,Normal,gt-normal,Norm,Absent,Norm,Absent,Norm,none,pot-severe,Absent,Norm,Absent,norm
frog-eye-leaf-spot,whole-field,dk-brown-blk,same-lst-sev-yrs,Outubro,Absent,Brown-w/blk-specks,Present,Diseased,90-100%,Yes,None,Absent,Absent,absent,no-yellow-halos,gt-1/8,w-s-marg,Abnorm,Yes,Absent,Absent,Norm,Normal,Normal,Norm,Absent,Abnorm,Present,lt-norm,fungicida,Minor,Present,Abnorm,Above-sec-nde,gt-norm
frog-eye-leaf-spot,whole-field,dna,same-1st-yr,Setembro,Absent,Colored,Present,Diseased,90-100%,Yes,None,Absent,Absent,absent,no-yellow-halos,gt-1/8,w-s-marg,Abnorm,Yes,Absent,Absent,Norm,Normal,Normal,Norm,Absent,Norm,Absent,Norm,Outros,pot-severe,Absent,Abnorm,Above-sec-nde,norm
frog-eye-leaf-spot,upper-areas,Brown,same-lst-sev-yrs,Setembro,firm-and-dry,Colored,Absent,Diseased,90-100%,Yes,None,Absent,Absent,absent,no-yellow-halos,gt-1/8,w-s-marg,Abnorm,Yes,Absent,Absent,Norm,Normal,gt-normal,Norm,Absent,Norm,Absent,Norm,none,pot-severe,Absent,Abnorm,Above-sec-nde,norm
frog-eye-leaf-spot,whole-field,dna,same-lst-sev-yrs,Setembro,Absent,Absent,Absent,Norm,lt-80%,Yes,None,Absent,Absent,absent,no-yellow-halos,gt-1/8,w-s-marg,Abnorm,Yes,Absent,Absent,Norm,lt-normal,gt-normal,Norm,Absent,Norm,Absent,Norm,fungicida,Minor,Absent,Norm,Absent,norm
frog-eye-leaf-spot,scattered,dna,same-lst-sev-yrs,Julho,Absent,Absent,Absent,Norm,lt-80%,Yes,None,Absent,Absent,absent,no-yellow-halos,gt-1/8,w-s-marg,Abnorm,Yes,Absent,Absent,Norm,lt-normal,gt-normal,Norm,Absent,Norm,Absent,Norm,none,pot-severe,Absent,Norm,Absent,norm
frog-eye-leaf-spot,low-areas,dk-brown-blk,same-lst-sev-yrs,Outubro,firm-and-dry,Colored,Absent,Diseased,lt-80%,Yes,None,Absent,Absent,absent,no-yellow-halos,gt-1/8,w-s-marg,Abnorm,Yes,Absent,Absent,Norm,lt-normal,gt-normal,Norm,Absent,Norm,Absent,Norm,fungicida,Minor,Absent,Abnorm,Above-sec-nde,gt-norm
frog-eye-leaf-spot,upper-areas,dna,same-1st-yr,Agosto,Absent,Absent,Absent,Norm,80-89%,Yes,None,Absent,Absent,absent,no-yellow-halos,gt-1/8,w-s-marg,Abnorm,Yes,Absent,Absent,Norm,Normal,gt-normal,Norm,Absent,Norm,Absent,Norm,none,pot-severe,Absent,Norm,Absent,norm
frog-eye-leaf-spot,scattered,dk-brown-blk,same-1st-yr,Agosto,firm-and-dry,Colored,Absent,Diseased,90-100%,Yes,None,Absent,Absent,absent,no-yellow-halos,gt-1/8,w-s-marg,Abnorm,Yes,Absent,Absent,Norm,Normal,gt-normal,Norm,Absent,Norm,Absent,Norm,none,pot-severe,Absent,Abnorm,Above-sec-nde,gt-norm
frog-eye-leaf-spot,scattered,dk-brown-blk,same-lst-sev-yrs,Outubro,firm-and-dry,Colored,Absent,Diseased,lt-80%,Yes,None,Absent,Absent,absent,no-yellow-halos,gt-1/8,w-s-marg,Abnorm,Yes,Absent,Absent,Norm,lt-normal,gt-normal,Norm,Absent,Norm,Absent,Norm,none,Minor,Absent,Abnorm,Above-sec-nde,gt-norm
frog-eye-leaf-spot,whole-field,dk-brown-blk,same-lst-sev-yrs,Setembro,firm-and-dry,Colored,Absent,Diseased,lt-80%,Yes,None,Absent,Absent,absent,no-yellow-halos,gt-1/8,w-s-marg,Abnorm,Yes,Absent,Absent,Norm,lt-normal,gt-normal,Norm,Absent,Norm,Absent,Norm,fungicida,Minor,Absent,Abnorm,Above-sec-nde,gt-norm
frog-eye-leaf-spot,low-areas,dna,diff-1st-year,Agosto,Absent,Absent,Absent,Norm,90-100%,Yes,None,Absent,Absent,absent,no-yellow-halos,gt-1/8,w-s-marg,Abnorm,Yes,Absent,Absent,Norm,Normal,gt-normal,Norm,Absent,Norm,Absent,Norm,fungicida,pot-severe,Absent,Norm,Absent,norm
frog-eye-leaf-spot,whole-field,Brown,same-lst-two-yrs,Agosto,firm-and-dry,Colored,Absent,Diseased,80-89%,Yes,None,Absent,Absent,absent,no-yellow-halos,gt-1/8,w-s-marg,Abnorm,Yes,Absent,Absent,Norm,Normal,gt-normal,Norm,Absent,Norm,Absent,Norm,fungicida,pot-severe,Absent,Abnorm,Above-sec-nde,norm
frog-eye-leaf-spot,low-areas,dna,same-1st-yr,Agosto,Absent,Absent,Absent,Norm,lt-80%,Yes,None,Absent,Absent,absent,no-yellow-halos,gt-1/8,w-s-marg,Abnorm,Yes,Absent,Absent,Abnorm,lt-normal,Normal,Norm,Absent,Norm,Absent,Norm,Outros,Minor,Absent,Norm,Absent,gt-norm
frog-eye-leaf-spot,scattered,dna,same-lst-two-yrs,Agosto,Absent,Absent,Absent,Norm,80-89%,Yes,None,Absent,Absent,absent,no-yellow-halos,gt-1/8,w-s-marg,Abnorm,Yes,Absent,Absent,Norm,Normal,gt-normal,Norm,Absent,Norm,Absent,Norm,none,Minor,Absent,Norm,Absent,norm
frog-eye-leaf-spot,upper-areas,dna,same-1st-yr,Setembro,Absent,Absent,Absent,Norm,lt-80%,Yes,None,Absent,Absent,absent,no-yellow-halos,gt-1/8,w-s-marg,Abnorm,Yes,Absent,Absent,Norm,lt-normal,gt-normal,Norm,Absent,Norm,Absent,Norm,none,pot-severe,Absent,Norm,Absent,norm
frog-eye-leaf-spot,whole-field,dk-brown-blk,same-1st-yr,Agosto,firm-and-dry,Colored,Absent,Diseased,90-100%,Yes,None,Absent,Absent,absent,no-yellow-halos,gt-1/8,w-s-marg,Abnorm,Yes,Absent,Absent,Norm,Normal,gt-normal,Norm,Absent,Norm,Absent,Norm,fungicida,pot-severe,Absent,Abnorm,Above-sec-nde,gt-norm
frog-eye-leaf-spot,upper-areas,dk-brown-blk,same-1st-yr,Setembro,firm-and-dry,Colored,Absent,Diseased,90-100%,Yes,None,Absent,Absent,absent,no-yellow-halos,gt-1/8,w-s-marg,Abnorm,Yes,Absent,Absent,Norm,Normal,gt-normal,Norm,Absent,Norm,Absent,Norm,none,Minor,Absent,Abnorm,Above-sec-nde,norm
frog-eye-leaf-spot,scattered,dk-brown-blk,same-lst-two-yrs,Setembro,firm-and-dry,Colored,Absent,Diseased,80-89%,Yes,None,Absent,Absent,absent,no-yellow-halos,gt-1/8,w-s-marg,Abnorm,Yes,Absent,Absent,Norm,Normal,gt-normal,Norm,Absent,Norm,Absent,Norm,none,Minor,Absent,Abnorm,Above-sec-nde,gt-norm
frog-eye-leaf-spot,whole-field,dk-brown-blk,same-lst-two-yrs,Setembro,firm-and-dry,Colored,Absent,Diseased,lt-80%,Yes,None,Absent,Absent,absent,no-yellow-halos,gt-1/8,w-s-marg,Abnorm,Yes,Absent,Absent,Norm,lt-normal,gt-normal,Norm,Absent,Norm,Absent,Norm,fungicida,Minor,Absent,Abnorm,Above-sec-nde,norm
diaporthe-pod-&-stem-blight,whole-field,dna,same-lst-sev-yrs,Setembro,Absent,Brown-w/blk-specks,Present,Diseased,90-100%,Desconhecido,None,Desconhecido,Desconhecido,Desconhecido,Desconhecido,Desconhecido,Desconhecido,Norm,Desconhecido,Present,Absent,Norm,Normal,gt-normal,Desconhecido,Absent,Norm,Present,lt-norm,Desconhecido,Desconhecido,Present,Abnorm,Absent,gt-norm
diaporthe-pod-&-stem-blight,whole-field,dna,same-lst-two-yrs,Outubro,Absent,Brown-w/blk-specks,Present,Diseased,80-89%,Desconhecido,None,Desconhecido,Desconhecido,Desconhecido,Desconhecido,Desconhecido,Desconhecido,Norm,Desconhecido,Present,Absent,Norm,Normal,gt-normal,Desconhecido,Absent,Abnorm,Present,lt-norm,Desconhecido,Desconhecido,Present,Abnorm,Absent,gt-norm
diaporthe-pod-&-stem-blight,whole-field,dna,same-lst-sev-yrs,Setembro,Absent,Brown-w/blk-specks,Present,Diseased,90-100%,Desconhecido,None,Desconhecido,Desconhecido,Desconhecido,Desconhecido,Desconhecido,Desconhecido,Norm,Desconhecido,Present,Absent,Norm,Normal,gt-normal,Desconhecido,Absent,Abnorm,Present,lt-norm,Desconhecido,Desconhecido,Present,Abnorm,Absent,gt-norm
diaporthe-pod-&-stem-blight,scattered,dna,same-lst-sev-yrs,Maio,Absent,Brown-w/blk-specks,Present,Diseased,lt-80%,Desconhecido,None,Desconhecido,Desconhecido,Desconhecido,Desconhecido,Desconhecido,Desconhecido,Norm,Desconhecido,Present,Absent,Norm,lt-normal,Normal,Desconhecido,Absent,Norm,Present,lt-norm,Desconhecido,Desconhecido,Present,Abnorm,Absent,gt-norm
diaporthe-pod-&-stem-blight,whole-field,dna,same-lst-two-yrs,Setembro,Absent,Brown-w/blk-specks,Present,Diseased,Desconhecido,Desconhecido,None,Desconhecido,Desconhecido,Desconhecido,Desconhecido,Desconhecido,Desconhecido,Norm,Desconhecido,Present,Absent,Norm,Desconhecido,gt-normal,Desconhecido,Absent,Abnorm,Present,lt-norm,Desconhecido,Desconhecido,Present,Abnorm,Absent,gt-norm
diaporthe-pod-&-stem-blight,whole-field,dna,same-lst-two-yrs,Setembro,Absent,Brown-w/blk-specks,Present,Diseased,90-100%,Desconhecido,None,Desconhecido,Desconhecido,Desconhecido,Desconhecido,Desconhecido,Desconhecido,Norm,Desconhecido,Present,Absent,Norm,Normal,gt-normal,Desconhecido,Absent,Abnorm,,lt-norm,Desconhecido,Desconhecido,Present,Abnorm,Absent,gt-norm
cyst-nematode,low-areas,Desconhecido,same-lst-two-yrs,Junho,Desconhecido,Desconhecido,Desconhecido,few-present,Desconhecido,Desconhecido,Desconhecido,Desconhecido,Desconhecido,Desconhecido,Desconhecido,Desconhecido,Desconhecido,Abnorm,Desconhecido,Absent,Desconhecido,Abnorm,Desconhecido,Desconhecido,galls-cysts,Desconhecido,Abnorm,Desconhecido,lt-norm,Desconhecido,Desconhecido,Desconhecido,Norm,Desconhecido,Desconhecido
cyst-nematode,upper-areas,Desconhecido,same-lst-sev-yrs,Julho,Desconhecido,Desconhecido,Desconhecido,few-present,Desconhecido,Desconhecido,Desconhecido,Desconhecido,Desconhecido,Desconhecido,Desconhecido,Desconhecido,Desconhecido,Abnorm,Desconhecido,Absent,Desconhecido,Abnorm,Desconhecido,Desconhecido,galls-cysts,Desconhecido,Abnorm,Desconhecido,lt-norm,Desconhecido,Desconhecido,Desconhecido,Norm,Desconhecido,Desconhecido
cyst-nematode,upper-areas,Desconhecido,same-lst-sev-yrs,Agosto,Desconhecido,Desconhecido,Desconhecido,few-present,Desconhecido,Desconhecido,Desconhecido,Desconhecido,Desconhecido,Desconhecido,Desconhecido,Desconhecido,Desconhecido,Abnorm,Desconhecido,Absent,Desconhecido,Abnorm,Desconhecido,Desconhecido,galls-cysts,Desconhecido,Abnorm,Desconhecido,lt-norm,Desconhecido,Desconhecido,Desconhecido,Norm,Desconhecido,Desconhecido
cyst-nematode,low-areas,Desconhecido,same-lst-two-yrs,Julho,Desconhecido,Desconhecido,Desconhecido,few-present,Desconhecido,Desconhecido,Desconhecido,Desconhecido,Desconhecido,Desconhecido,Desconhecido,Desconhecido,Desconhecido,Abnorm,Desconhecido,Absent,Desconhecido,Abnorm,Desconhecido,Desconhecido,galls-cysts,Desconhecido,Abnorm,Desconhecido,lt-norm,Desconhecido,Desconhecido,Desconhecido,Norm,Desconhecido,Desconhecido
cyst-nematode,low-areas,Desconhecido,same-lst-two-yrs,Julho,Desconhecido,Desconhecido,Desconhecido,few-present,Desconhecido,Desconhecido,Desconhecido,Desconhecido,Desconhecido,Desconhecido,Desconhecido,Desconhecido,Desconhecido,Abnorm,Desconhecido,Absent,Desconhecido,Abnorm,Desconhecido,Desconhecido,galls-cysts,Desconhecido,Abnorm,Desconhecido,lt-norm,Desconhecido,Desconhecido,Desconhecido,Norm,Desconhecido,Desconhecido
cyst-nematode,low-areas,Desconhecido,same-lst-two-yrs,Agosto,Desconhecido,Desconhecido,Desconhecido,few-present,Desconhecido,Desconhecido,Desconhecido,Desconhecido,Desconhecido,Desconhecido,Desconhecido,Desconhecido,Desconhecido,Abnorm,Desconhecido,Absent,Desconhecido,Abnorm,Desconhecido,Desconhecido,galls-cysts,Desconhecido,Abnorm,Desconhecido,lt-norm,Desconhecido,Desconhecido,Desconhecido,Norm,Desconhecido,Desconhecido
2-4-d-injury,Desconhecido,Desconhecido,Desconhecido,Desconhecido,Desconhecido,Desconhecido,Desconhecido,Desconhecido,Desconhecido,Desconhecido,Desconhecido,Present,Desconhecido,Desconhecido,absent,dna,dna,Abnorm,Desconhecido,Desconhecido,Desconhecido,Desconhecido,Desconhecido,Desconhecido,Desconhecido,Desconhecido,Desconhecido,Desconhecido,Desconhecido,Desconhecido,Desconhecido,Desconhecido,Desconhecido,Desconhecido,Desconhecido
herbicide-injury,scattered,Desconhecido,same-1st-yr,Maio,Desconhecido,Desconhecido,Desconhecido,dna,Desconhecido,Desconhecido,Desconhecido,Present,Desconhecido,absent,no-yellow-halos,gt-1/8,no-w-s-marg,Abnorm,Desconhecido,Desconhecido,Desconhecido,Abnorm,lt-normal,Desconhecido,Rotted,Desconhecido,Desconhecido,Desconhecido,Desconhecido,Desconhecido,Desconhecido,Desconhecido,Abnorm,Desconhecido,lt-norm
herbicide-injury,whole-field,Desconhecido,diff-1st-year,Abril,Desconhecido,Desconhecido,Desconhecido,dna,Desconhecido,Desconhecido,Desconhecido,Present,Desconhecido,absent,absent,dna,dna,Abnorm,Desconhecido,Desconhecido,Desconhecido,Abnorm,lt-normal,Desconhecido,Rotted,Desconhecido,Desconhecido,Desconhecido,Desconhecido,Desconhecido,Desconhecido,Desconhecido,Abnorm,Desconhecido,lt-norm
herbicide-injury,scattered,Desconhecido,diff-1st-year,Maio,Desconhecido,Desconhecido,Desconhecido,dna,Desconhecido,Desconhecido,Desconhecido,Present,Desconhecido,absent,absent,dna,dna,Abnorm,Desconhecido,Desconhecido,Desconhecido,Abnorm,lt-normal,Desconhecido,Rotted,Desconhecido,Desconhecido,Desconhecido,Desconhecido,Desconhecido,Desconhecido,Desconhecido,Abnorm,Desconhecido,lt-norm
herbicide-injury,whole-field,Desconhecido,same-1st-yr,Maio,Desconhecido,Desconhecido,Desconhecido,dna,Desconhecido,Desconhecido,Desconhecido,Present,Desconhecido,absent,no-yellow-halos,gt-1/8,no-w-s-marg,Abnorm,Desconhecido,Desconhecido,Desconhecido,Abnorm,lt-normal,Desconhecido,Rotted,Desconhecido,Desconhecido,Desconhecido,Desconhecido,Desconhecido,Desconhecido,Desconhecido,Abnorm,Desconhecido,lt-norm
